,GAME_ID,GAME_DATE,MATCHUP,WL,PTS,PLUS_MINUS,TEAM,OPPONENT
1,0022400061,2024-10-22,BOS vs. NYK,W,132,23,BOS,NYK
3,0022400062,2024-10-22,LAL vs. MIN,W,110,7,LAL,MIN
6,0022400067,2024-10-23,TOR vs. CLE,L,106,-30,TOR,CLE
7,0022400065,2024-10-23,MIA vs. ORL,L,97,-19,MIA,ORL
8,0022400066,2024-10-23,PHI vs. MIL,L,109,-15,PHI,MIL
9,0022400068,2024-10-23,HOU vs. CHA,L,105,-5,HOU,CHA
10,0022400072,2024-10-23,POR vs. GSW,L,104,-36,POR,GSW
15,0022400063,2024-10-23,DET vs. IND,L,109,-6,DET,IND
16,0022400070,2024-10-23,UTA vs. MEM,L,124,-2,UTA,MEM
18,0022400069,2024-10-23,NOP vs. CHI,W,123,12,NOP,CHI
19,0022400064,2024-10-23,ATL vs. BKN,W,120,4,ATL,BKN
20,0022400071,2024-10-23,LAC vs. PHX,L,113,-3,LAC,PHX
26,0022400073,2024-10-24,WAS vs. BOS,L,102,-20,WAS,BOS
28,0022400075,2024-10-24,DEN vs. OKC,L,87,-15,DEN,OKC
30,0022400076,2024-10-24,SAC vs. MIN,L,115,-2,SAC,MIN
31,0022400074,2024-10-24,DAL vs. SAS,W,120,11,DAL,SAS
32,0022400085,2024-10-25,LAL vs. PHX,W,123,7,LAL,PHX
33,0022400077,2024-10-25,ORL vs. BKN,W,116,15,ORL,BKN
35,0022400082,2024-10-25,HOU vs. MEM,W,128,20,HOU,MEM
39,0022400083,2024-10-25,MIL vs. CHI,L,122,-11,MIL,CHI
40,0022400081,2024-10-25,NYK vs. IND,W,123,25,NYK,IND
42,0022400086,2024-10-25,POR vs. NOP,L,103,-2,POR,NOP
45,0022400080,2024-10-25,CLE vs. DET,W,113,12,CLE,DET
48,0022400079,2024-10-25,ATL vs. CHA,W,125,5,ATL,CHA
49,0022400078,2024-10-25,TOR vs. PHI,W,115,8,TOR,PHI
51,0022400084,2024-10-25,UTA vs. GSW,L,86,-41,UTA,GSW
52,0022400089,2024-10-26,DET vs. BOS,L,118,-6,DET,BOS
53,0022400090,2024-10-26,WAS vs. CLE,L,116,-19,WAS,CLE
54,0022400093,2024-10-26,MIN vs. TOR,W,112,11,MIN,TOR
55,0022400091,2024-10-26,CHI vs. OKC,L,95,-19,CHI,OKC
60,0022400096,2024-10-26,LAL vs. SAC,W,131,4,LAL,SAC
63,0022400088,2024-10-26,CHA vs. MIA,L,106,-8,CHA,MIA
65,0022400087,2024-10-26,DEN vs. LAC,L,104,-5,DEN,LAC
67,0022400094,2024-10-26,SAS vs. HOU,W,109,3,SAS,HOU
69,0022400092,2024-10-26,MEM vs. ORL,W,124,13,MEM,ORL
70,0022400095,2024-10-26,PHX vs. DAL,W,114,12,PHX,DAL
74,0022400101,2024-10-27,GSW vs. LAC,L,104,-8,GSW,LAC
75,0022400099,2024-10-27,POR vs. NOP,W,125,22,POR,NOP
77,0022400097,2024-10-27,IND vs. PHI,L,114,-4,IND,PHI
79,0022400100,2024-10-27,OKC vs. ATL,W,128,24,OKC,ATL
80,0022400098,2024-10-27,BKN vs. MIL,W,115,13,BKN,MIL
83,0022400111,2024-10-28,PHX vs. LAL,W,109,4,PHX,LAL
86,0022400103,2024-10-28,ATL vs. WAS,L,119,-2,ATL,WAS
91,0022400112,2024-10-28,SAC vs. POR,W,111,13,SAC,POR
92,0022400110,2024-10-28,DAL vs. UTA,W,110,8,DAL,UTA
93,0022400108,2024-10-28,MEM vs. CHI,L,123,-3,MEM,CHI
95,0022400107,2024-10-28,TOR vs. DEN,L,125,-2,TOR,DEN
96,0022400104,2024-10-28,BOS vs. MIL,W,119,11,BOS,MIL
97,0022400102,2024-10-28,ORL vs. IND,W,119,4,ORL,IND
99,0022400105,2024-10-28,MIA vs. DET,W,106,8,MIA,DET
101,0022400106,2024-10-28,NYK vs. CLE,L,104,-6,NYK,CLE
102,0022400109,2024-10-28,SAS vs. HOU,L,101,-5,SAS,HOU
106,0022400113,2024-10-29,BKN vs. DEN,L,139,-5,BKN,DEN
108,0022400116,2024-10-29,GSW vs. NOP,W,124,18,GSW,NOP
109,0022400115,2024-10-29,UTA vs. SAC,L,96,-17,UTA,SAC
110,0022400114,2024-10-29,MIN vs. DAL,L,114,-6,MIN,DAL
118,0022400119,2024-10-30,IND vs. BOS,W,135,3,IND,BOS
121,0022400118,2024-10-30,CLE vs. LAL,W,134,24,CLE,LAL
122,0022400126,2024-10-30,GSW vs. NOP,W,104,15,GSW,NOP
123,0022400127,2024-10-30,LAC vs. POR,L,105,-1,LAC,POR
124,0022400124,2024-10-30,MEM vs. BKN,L,106,-13,MEM,BKN
126,0022400125,2024-10-30,OKC vs. SAS,W,105,12,OKC,SAS
129,0022400123,2024-10-30,CHI vs. ORL,W,102,3,CHI,ORL
130,0022400121,2024-10-30,WAS vs. ATL,W,133,13,WAS,ATL
131,0022400120,2024-10-30,PHI vs. DET,L,95,-10,PHI,DET
132,0022400117,2024-10-30,CHA vs. TOR,W,138,5,CHA,TOR
133,0022400122,2024-10-30,MIA vs. NYK,L,107,-9,MIA,NYK
134,0022400131,2024-10-31,LAC vs. PHX,L,119,-6,LAC,PHX
138,0022400128,2024-10-31,MEM vs. MIL,W,122,23,MEM,MIL
140,0022400129,2024-10-31,DAL vs. HOU,L,102,-6,DAL,HOU
141,0022400130,2024-10-31,UTA vs. SAS,L,88,-18,UTA,SAS
142,0022400135,2024-11-01,ATL vs. SAC,L,115,-8,ATL,SAC
143,0022400138,2024-11-01,NOP vs. IND,W,125,7,NOP,IND
148,0022400140,2024-11-01,POR vs. OKC,L,114,-23,POR,OKC
151,0022400137,2024-11-01,TOR vs. LAL,L,125,-6,TOR,LAL
153,0022400139,2024-11-01,MIN vs. DEN,W,119,3,MIN,DEN
154,0022400136,2024-11-01,BKN vs. CHI,W,120,8,BKN,CHI
156,0022400132,2024-11-01,CHA vs. BOS,L,109,-15,CHA,BOS
158,0022400134,2024-11-01,DET vs. NYK,L,98,-30,DET,NYK
159,0022400133,2024-11-01,CLE vs. ORL,W,120,11,CLE,ORL
160,0022400149,2024-11-02,PHX vs. POR,W,103,6,PHX,POR
162,0022400150,2024-11-02,LAC vs. OKC,L,92,-13,LAC,OKC
164,0022400144,2024-11-02,HOU vs. GSW,L,121,-6,HOU,GSW
166,0022400148,2024-11-02,DEN vs. UTA,W,129,26,DEN,UTA
167,0022400142,2024-11-02,PHI vs. MEM,L,107,-17,PHI,MEM
171,0022400145,2024-11-02,MIL vs. CLE,L,113,-1,MIL,CLE
172,0022400141,2024-11-02,CHA vs. BOS,L,103,-10,CHA,BOS
178,0022400146,2024-11-02,SAS vs. MIN,W,113,10,SAS,MIN
179,0022400143,2024-11-02,TOR vs. SAC,W,131,3,TOR,SAC
180,0022400151,2024-11-03,BKN vs. DET,L,92,-14,BKN,DET
181,0022400152,2024-11-03,NOP vs. ATL,L,111,-15,NOP,ATL
184,0022400153,2024-11-03,DAL vs. ORL,W,108,23,DAL,ORL
186,0022400164,2024-11-04,NOP vs. POR,L,100,-18,NOP,POR
187,0022400157,2024-11-04,ATL vs. BOS,L,93,-30,ATL,BOS
191,0022400156,2024-11-04,DET vs. LAL,W,115,12,DET,LAL
193,0022400168,2024-11-04,LAC vs. SAS,W,113,9,LAC,SAS
194,0022400167,2024-11-04,PHX vs. PHI,W,118,2,PHX,PHI
195,0022400154,2024-11-04,CLE vs. MIL,W,116,2,CLE,MIL
196,0022400158,2024-11-04,BKN vs. MEM,W,106,2,BKN,MEM
197,0022400161,2024-11-04,HOU vs. NYK,W,109,12,HOU,NYK
200,0022400155,2024-11-04,WAS vs. GSW,L,112,-13,WAS,GSW
202,0022400163,2024-11-04,OKC vs. ORL,W,102,16,OKC,ORL
205,0022400160,2024-11-04,CHI vs. UTA,L,126,-9,CHI,UTA
208,0022400162,2024-11-04,MIN vs. CHA,W,114,21,MIN,CHA
209,0022400166,2024-11-04,DEN vs. TOR,W,121,2,DEN,TOR
212,0022400165,2024-11-04,DAL vs. IND,L,127,-7,DAL,IND
215,0022400159,2024-11-04,MIA vs. SAC,L,110,-1,MIA,SAC
216,0022400173,2024-11-06,HOU vs. SAS,W,127,27,HOU,SAS
219,0022400169,2024-11-06,CHA vs. DET,W,108,1,CHA,DET
220,0022400170,2024-11-06,IND vs. ORL,W,118,7,IND,ORL
221,0022400178,2024-11-06,PHX vs. MIA,W,115,3,PHX,MIA
223,0022400177,2024-11-06,DEN vs. OKC,W,124,2,DEN,OKC
226,0022400179,2024-11-06,LAC vs. PHI,W,110,12,LAC,PHI
229,0022400180,2024-11-06,SAC vs. TOR,W,122,15,SAC,TOR
231,0022400172,2024-11-06,BOS vs. GSW,L,112,-6,BOS,GSW
234,0022400174,2024-11-06,MEM vs. LAL,W,131,17,MEM,LAL
237,0022400175,2024-11-06,NOP vs. CLE,L,122,-9,NOP,CLE
238,0022400176,2024-11-06,DAL vs. CHI,W,119,20,DAL,CHI
239,0022400171,2024-11-06,ATL vs. NYK,W,121,5,ATL,NYK
240,0022400182,2024-11-07,MIL vs. UTA,W,123,23,MIL,UTA
242,0022400183,2024-11-07,SAS vs. POR,W,118,13,SAS,POR
245,0022400181,2024-11-07,CHI vs. MIN,L,119,-16,CHI,MIN
246,0022400184,2024-11-08,CHA vs. IND,W,103,20,CHA,IND
247,0022400187,2024-11-08,BOS vs. BKN,W,108,4,BOS,BKN
248,0022400194,2024-11-08,DEN vs. MIA,W,135,13,DEN,MIA
249,0022400190,2024-11-08,DAL vs. PHX,L,113,-1,DAL,PHX
250,0022400191,2024-11-08,MEM vs. WAS,W,128,24,MEM,WAS
252,0022400186,2024-11-08,ORL vs. NOP,W,115,27,ORL,NOP
255,0022400193,2024-11-08,MIN vs. POR,W,127,25,MIN,POR
261,0022400192,2024-11-08,OKC vs. HOU,W,126,19,OKC,HOU
263,0022400185,2024-11-08,DET vs. ATL,W,122,1,DET,ATL
264,0022400189,2024-11-08,NYK vs. MIL,W,116,22,NYK,MIL
267,0022400196,2024-11-08,SAC vs. LAC,L,98,-9,SAC,LAC
268,0022400188,2024-11-08,CLE vs. GSW,W,136,19,CLE,GSW
269,0022400195,2024-11-08,LAL vs. PHI,W,116,10,LAL,PHI
275,0022400198,2024-11-09,ATL vs. CHI,L,113,-12,ATL,CHI
276,0022400199,2024-11-09,CLE vs. BKN,W,105,5,CLE,BKN
277,0022400197,2024-11-09,SAS vs. UTA,L,110,-1,SAS,UTA
278,0022400200,2024-11-09,LAC vs. TOR,W,105,2,LAC,TOR
281,0022400208,2024-11-10,DEN vs. DAL,W,122,2,DEN,DAL
282,0022400202,2024-11-10,MIL vs. BOS,L,107,-6,MIL,BOS
288,0022400207,2024-11-10,OKC vs. GSW,L,116,-11,OKC,GSW
289,0022400210,2024-11-10,POR vs. MEM,L,89,-45,POR,MEM
291,0022400206,2024-11-10,MIN vs. MIA,L,94,-1,MIN,MIA
292,0022400205,2024-11-10,PHI vs. CHA,W,107,2,PHI,CHA
294,0022400209,2024-11-10,PHX vs. SAC,L,118,-9,PHX,SAC
297,0022400203,2024-11-10,IND vs. NYK,W,132,11,IND,NYK
298,0022400204,2024-11-10,ORL vs. WAS,W,121,27,ORL,WAS
299,0022400211,2024-11-10,LAL vs. TOR,W,123,20,LAL,TOR
300,0022400201,2024-11-10,DET vs. HOU,L,99,-2,DET,HOU
303,0022400212,2024-11-11,CHI vs. CLE,L,113,-6,CHI,CLE
305,0022400215,2024-11-11,OKC vs. LAC,W,134,6,OKC,LAC
309,0022400214,2024-11-11,NOP vs. BKN,L,105,-2,NOP,BKN
310,0022400213,2024-11-11,HOU vs. WAS,W,107,15,HOU,WAS
311,0022400216,2024-11-11,SAS vs. SAC,W,116,20,SAS,SAC
314,0022400007,2024-11-12,GSW vs. DAL,W,120,3,GSW,DAL
315,0022400003,2024-11-12,ORL vs. CHA,W,114,25,ORL,CHA
316,0022400008,2024-11-12,POR vs. MIN,W,122,14,POR,MIN
317,0022400001,2024-11-12,BOS vs. ATL,L,116,-1,BOS,ATL
318,0022400002,2024-11-12,DET vs. MIA,W,123,2,DET,MIA
319,0022400006,2024-11-12,UTA vs. PHX,L,112,-8,UTA,PHX
322,0022400004,2024-11-12,PHI vs. NYK,L,99,-12,PHI,NYK
324,0022400005,2024-11-12,MIL vs. TOR,W,99,14,MIL,TOR
331,0022400222,2024-11-13,HOU vs. LAC,W,111,8,HOU,LAC
332,0022400227,2024-11-13,SAC vs. PHX,W,127,23,SAC,PHX
334,0022400226,2024-11-13,POR vs. MIN,W,106,8,POR,MIN
335,0022400224,2024-11-13,SAS vs. WAS,W,139,9,SAS,WAS
338,0022400217,2024-11-13,ORL vs. IND,W,94,4,ORL,IND
339,0022400220,2024-11-13,PHI vs. CLE,L,106,-8,PHI,CLE
342,0022400223,2024-11-13,MIL vs. DET,W,127,7,MIL,DET
343,0022400219,2024-11-13,NYK vs. CHI,L,123,-1,NYK,CHI
345,0022400225,2024-11-13,LAL vs. MEM,W,128,5,LAL,MEM
347,0022400218,2024-11-13,BKN vs. BOS,L,114,-25,BKN,BOS
349,0022400221,2024-11-13,OKC vs. NOP,W,106,18,OKC,NOP
351,0022400228,2024-11-14,UTA vs. DAL,W,115,2,UTA,DAL
352,0022400009,2024-11-15,IND vs. MIA,L,111,-13,IND,MIA
353,0022400013,2024-11-15,CLE vs. CHI,W,144,18,CLE,CHI
354,0022400010,2024-11-15,ORL vs. PHI,W,98,12,ORL,PHI
358,0022400015,2024-11-15,SAS vs. LAL,L,115,-5,SAS,LAL
361,0022400017,2024-11-15,NOP vs. DEN,W,101,7,NOP,DEN
363,0022400012,2024-11-15,ATL vs. WAS,W,129,12,ATL,WAS
364,0022400014,2024-11-15,NYK vs. BKN,W,124,2,NYK,BKN
368,0022400019,2024-11-15,GSW vs. MEM,W,123,5,GSW,MEM
370,0022400020,2024-11-15,SAC vs. MIN,L,126,-4,SAC,MIN
372,0022400011,2024-11-15,TOR vs. DET,L,95,-4,TOR,DET
374,0022400016,2024-11-15,HOU vs. LAC,W,125,21,HOU,LAC
375,0022400018,2024-11-15,OKC vs. PHX,W,99,16,OKC,PHX
376,0022400233,2024-11-16,SAC vs. UTA,W,121,4,SAC,UTA
377,0022400230,2024-11-16,BOS vs. TOR,W,126,3,BOS,TOR
379,0022400229,2024-11-16,CHA vs. MIL,W,115,1,CHA,MIL
384,0022400232,2024-11-16,DAL vs. SAS,W,110,17,DAL,SAS
385,0022400231,2024-11-16,NOP vs. LAL,L,99,-5,NOP,LAL
390,0022400238,2024-11-17,MEM vs. DEN,W,105,15,MEM,DEN
392,0022400234,2024-11-17,MIN vs. PHX,W,120,3,MIN,PHX
393,0022400237,2024-11-17,WAS vs. DET,L,104,-20,WAS,DET
394,0022400242,2024-11-17,OKC vs. DAL,L,119,-2,OKC,DAL
397,0022400243,2024-11-17,LAC vs. UTA,W,116,11,LAC,UTA
398,0022400239,2024-11-17,POR vs. ATL,W,114,4,POR,ATL
399,0022400241,2024-11-17,CHI vs. HOU,L,107,-36,CHI,HOU
400,0022400235,2024-11-17,IND vs. MIA,W,119,9,IND,MIA
401,0022400240,2024-11-17,NYK vs. BKN,W,114,10,NYK,BKN
404,0022400236,2024-11-17,CLE vs. CHA,W,128,14,CLE,CHA
407,0022400251,2024-11-18,LAC vs. GSW,W,102,3,LAC,GSW
408,0022400244,2024-11-18,DET vs. CHI,L,112,-10,DET,CHI
410,0022400247,2024-11-18,TOR vs. IND,W,130,11,TOR,IND
411,0022400246,2024-11-18,NYK vs. WAS,W,134,28,NYK,WAS
412,0022400248,2024-11-18,MIL vs. HOU,W,101,1,MIL,HOU
413,0022400249,2024-11-18,PHX vs. ORL,L,99,-10,PHX,ORL
414,0022400245,2024-11-18,MIA vs. PHI,W,106,17,MIA,PHI
418,0022400250,2024-11-18,SAC vs. ATL,L,108,-1,SAC,ATL
423,0022400021,2024-11-19,BOS vs. CLE,W,120,3,BOS,CLE
424,0022400026,2024-11-19,LAL vs. UTA,W,124,6,LAL,UTA
425,0022400023,2024-11-19,MEM vs. DEN,L,110,-12,MEM,DEN
426,0022400024,2024-11-19,DAL vs. NOP,W,132,41,DAL,NOP
427,0022400022,2024-11-19,BKN vs. CHA,W,116,1,BKN,CHA
431,0022400025,2024-11-19,SAS vs. OKC,W,110,6,SAS,OKC
434,0022400253,2024-11-20,MIL vs. CHI,W,122,16,MIL,CHI
435,0022400252,2024-11-20,CLE vs. NOP,W,128,28,CLE,NOP
437,0022400256,2024-11-20,OKC vs. POR,W,109,10,OKC,POR
438,0022400259,2024-11-20,LAC vs. ORL,W,104,11,LAC,ORL
440,0022400258,2024-11-20,GSW vs. ATL,W,120,23,GSW,ATL
441,0022400254,2024-11-20,HOU vs. IND,W,130,17,HOU,IND
445,0022400255,2024-11-20,MEM vs. PHI,W,117,6,MEM,PHI
449,0022400257,2024-11-20,PHX vs. NYK,L,122,-16,PHX,NYK
451,0022400261,2024-11-21,TOR vs. MIN,W,110,5,TOR,MIN
452,0022400262,2024-11-21,SAS vs. UTA,W,126,8,SAS,UTA
454,0022400263,2024-11-21,LAL vs. ORL,L,118,-1,LAL,ORL
455,0022400260,2024-11-21,CHA vs. DET,W,123,2,CHA,DET
458,0022400027,2024-11-22,PHI vs. BKN,W,113,15,PHI,BKN
460,0022400030,2024-11-22,CHI vs. ATL,W,136,14,CHI,ATL
464,0022400033,2024-11-22,DEN vs. DAL,L,120,-3,DEN,DAL
465,0022400029,2024-11-22,MIL vs. IND,W,129,12,MIL,IND
467,0022400028,2024-11-22,WAS vs. BOS,L,96,-12,WAS,BOS
468,0022400032,2024-11-22,NOP vs. GSW,L,108,-4,NOP,GSW
470,0022400034,2024-11-22,LAC vs. SAC,W,104,16,LAC,SAC
472,0022400031,2024-11-22,HOU vs. POR,W,116,28,HOU,POR
476,0022400265,2024-11-23,ORL vs. DET,W,111,11,ORL,DET
477,0022400268,2024-11-23,MIL vs. CHA,W,125,6,MIL,CHA
478,0022400264,2024-11-23,UTA vs. NYK,W,121,15,UTA,NYK
479,0022400267,2024-11-23,HOU vs. POR,L,98,-6,HOU,POR
480,0022400266,2024-11-23,CHI vs. MEM,L,131,-11,CHI,MEM
484,0022400269,2024-11-23,SAS vs. GSW,W,104,10,SAS,GSW
485,0022400270,2024-11-23,LAL vs. DEN,L,102,-25,LAL,DEN
488,0022400273,2024-11-24,MIA vs. DAL,W,123,5,MIA,DAL
490,0022400274,2024-11-24,PHI vs. LAC,L,99,-26,PHI,LAC
493,0022400271,2024-11-24,BOS vs. MIN,W,107,2,BOS,MIN
495,0022400275,2024-11-24,CLE vs. TOR,W,122,14,CLE,TOR
497,0022400276,2024-11-24,SAC vs. BKN,L,103,-5,SAC,BKN
499,0022400272,2024-11-24,IND vs. WAS,W,115,12,IND,WAS
502,0022400279,2024-11-25,IND vs. NOP,W,114,4,IND,NOP
504,0022400278,2024-11-25,DET vs. TOR,W,102,2,DET,TOR
505,0022400277,2024-11-25,CHA vs. ORL,L,84,-11,CHA,ORL
506,0022400285,2024-11-25,SAC vs. OKC,L,109,-21,SAC,OKC
508,0022400280,2024-11-25,ATL vs. DAL,L,119,-10,ATL,DAL
509,0022400281,2024-11-25,BOS vs. LAC,W,126,32,BOS,LAC
511,0022400283,2024-11-25,DEN vs. NYK,L,118,-27,DEN,NYK
512,0022400282,2024-11-25,MEM vs. POR,W,123,25,MEM,POR
513,0022400284,2024-11-25,GSW vs. BKN,L,120,-8,GSW,BKN
521,0022400037,2024-11-26,MIN vs. HOU,L,111,-6,MIN,HOU
523,0022400036,2024-11-26,MIA vs. MIL,L,103,-3,MIA,MIL
525,0022400039,2024-11-26,PHX vs. LAL,W,127,27,PHX,LAL
526,0022400038,2024-11-26,UTA vs. SAS,L,115,-13,UTA,SAS
527,0022400035,2024-11-26,WAS vs. CHI,L,108,-19,WAS,CHI
530,0022400291,2024-11-27,WAS vs. LAC,L,96,-25,WAS,LAC
534,0022400299,2024-11-27,GSW vs. OKC,L,101,-4,GSW,OKC
536,0022400287,2024-11-27,CLE vs. ATL,L,124,-11,CLE,ATL
537,0022400290,2024-11-27,PHI vs. HOU,L,115,-7,PHI,HOU
538,0022400289,2024-11-27,ORL vs. CHI,W,133,14,ORL,CHI
542,0022400296,2024-11-27,SAS vs. LAL,L,101,-18,SAS,LAL
544,0022400294,2024-11-27,MIN vs. SAC,L,104,-11,MIN,SAC
545,0022400293,2024-11-27,MEM vs. DET,W,131,20,MEM,DET
547,0022400295,2024-11-27,NOP vs. TOR,L,93,-26,NOP,TOR
549,0022400286,2024-11-27,CHA vs. MIA,L,94,-4,CHA,MIA
550,0022400292,2024-11-27,DAL vs. NYK,W,129,15,DAL,NYK
551,0022400298,2024-11-27,UTA vs. DEN,L,103,-19,UTA,DEN
553,0022400297,2024-11-27,PHX vs. BKN,L,117,-10,PHX,BKN
554,0022400288,2024-11-27,IND vs. POR,W,121,7,IND,POR
558,0022400040,2024-11-29,CHA vs. NYK,L,98,-1,CHA,NYK
559,0022400048,2024-11-29,LAL vs. OKC,L,93,-8,LAL,OKC
561,0022400049,2024-11-29,POR vs. SAC,W,115,9,POR,SAC
562,0022400042,2024-11-29,MEM vs. NOP,W,120,11,MEM,NOP
565,0022400043,2024-11-29,BKN vs. ORL,L,100,-23,BKN,ORL
566,0022400047,2024-11-29,CHI vs. BOS,L,129,-9,CHI,BOS
568,0022400041,2024-11-29,ATL vs. CLE,W,117,16,ATL,CLE
569,0022400045,2024-11-29,IND vs. DET,L,106,-24,IND,DET
571,0022400046,2024-11-29,MIA vs. TOR,W,121,10,MIA,TOR
572,0022400044,2024-11-29,MIN vs. LAC,W,93,1,MIN,LAC
577,0022400300,2024-11-30,CHA vs. ATL,L,104,-3,CHA,ATL
578,0022400301,2024-11-30,DET vs. PHI,L,96,-15,DET,PHI
580,0022400302,2024-11-30,MIL vs. WAS,W,124,10,MIL,WAS
582,0022400303,2024-11-30,PHX vs. GSW,W,113,8,PHX,GSW
584,0022400304,2024-11-30,UTA vs. DAL,L,94,-12,UTA,DAL
591,0022400310,2024-12-01,HOU vs. OKC,W,119,3,HOU,OKC
594,0022400311,2024-12-01,UTA vs. LAL,L,104,-1,UTA,LAL
596,0022400312,2024-12-01,POR vs. DAL,L,131,-6,POR,DAL
598,0022400313,2024-12-01,SAC vs. SAS,L,125,-2,SAC,SAS
600,0022400314,2024-12-01,LAC vs. DEN,W,126,4,LAC,DEN
601,0022400309,2024-12-01,TOR vs. MIA,W,119,3,TOR,MIA
602,0022400308,2024-12-01,NYK vs. NOP,W,118,33,NYK,NOP
603,0022400306,2024-12-01,MEM vs. IND,W,136,15,MEM,IND
604,0022400305,2024-12-01,BKN vs. ORL,L,92,-8,BKN,ORL
605,0022400307,2024-12-01,CLE vs. BOS,W,115,4,CLE,BOS
607,0022400316,2024-12-02,BOS vs. MIA,W,108,19,BOS,MIA
609,0022400318,2024-12-02,MIN vs. LAL,W,109,29,MIN,LAL
610,0022400317,2024-12-02,CHI vs. BKN,W,128,26,CHI,BKN
612,0022400315,2024-12-02,ATL vs. NOP,W,124,12,ATL,NOP
614,0022400051,2024-12-03,CLE vs. WAS,W,118,31,CLE,WAS
616,0022400060,2024-12-03,LAC vs. POR,W,127,22,LAC,POR
618,0022400059,2024-12-03,SAC vs. HOU,W,120,9,SAC,HOU
620,0022400058,2024-12-03,DEN vs. GSW,W,119,4,DEN,GSW
623,0022400057,2024-12-03,PHX vs. SAS,W,104,11,PHX,SAS
625,0022400056,2024-12-03,DAL vs. MEM,W,121,5,DAL,MEM
627,0022400053,2024-12-03,NYK vs. ORL,W,121,15,NYK,ORL
630,0022400054,2024-12-03,TOR vs. IND,W,122,11,TOR,IND
632,0022400052,2024-12-03,DET vs. MIL,L,107,-21,DET,MIL
634,0022400055,2024-12-03,OKC vs. UTA,W,133,27,OKC,UTA
635,0022400050,2024-12-03,CHA vs. PHI,L,104,-6,CHA,PHI
636,0022400323,2024-12-04,MIL vs. ATL,L,104,-15,MIL,ATL
637,0022400322,2024-12-04,PHI vs. ORL,L,102,-4,PHI,ORL
638,0022400321,2024-12-04,MIA vs. LAL,W,134,41,MIA,LAL
640,0022400319,2024-12-04,BOS vs. DET,W,130,10,BOS,DET
642,0022400320,2024-12-04,BKN vs. IND,W,99,9,BKN,IND
645,0022400324,2024-12-04,LAC vs. MIN,L,80,-28,LAC,MIN
649,0022400331,2024-12-05,SAS vs. CHI,L,124,-15,SAS,CHI
651,0022400332,2024-12-05,GSW vs. HOU,W,99,6,GSW,HOU
653,0022400328,2024-12-05,TOR vs. OKC,L,92,-37,TOR,OKC
655,0022400329,2024-12-05,MEM vs. SAC,W,115,5,MEM,SAC
657,0022400330,2024-12-05,NOP vs. PHX,W,126,2,NOP,PHX
660,0022400327,2024-12-05,NYK vs. CHA,W,125,24,NYK,CHA
662,0022400326,2024-12-05,WAS vs. DAL,L,101,-36,WAS,DAL
663,0022400325,2024-12-05,CLE vs. DEN,W,126,12,CLE,DEN
664,0022400337,2024-12-06,SAS vs. SAC,L,113,-27,SAS,SAC
666,0022400338,2024-12-06,GSW vs. MIN,L,90,-17,GSW,MIN
668,0022400339,2024-12-06,POR vs. UTA,L,99,-42,POR,UTA
670,0022400334,2024-12-06,ATL vs. LAL,W,134,2,ATL,LAL
671,0022400333,2024-12-06,PHI vs. ORL,W,102,8,PHI,ORL
675,0022400336,2024-12-06,CHI vs. IND,L,123,-9,CHI,IND
676,0022400335,2024-12-06,BOS vs. MIL,W,111,6,BOS,MIL
678,0022400340,2024-12-07,CHA vs. CLE,L,102,-14,CHA,CLE
680,0022400342,2024-12-07,NOP vs. OKC,L,109,-10,NOP,OKC
683,0022400343,2024-12-07,NYK vs. DET,L,111,-9,NYK,DET
684,0022400344,2024-12-07,TOR vs. DAL,L,118,-7,TOR,DAL
686,0022400345,2024-12-07,BOS vs. MEM,L,121,-6,BOS,MEM
687,0022400341,2024-12-07,WAS vs. DEN,W,122,9,WAS,DEN
689,0022400346,2024-12-07,MIA vs. PHX,W,121,10,MIA,PHX
692,0022400348,2024-12-08,BKN vs. MIL,L,113,-5,BKN,MIL
693,0022400356,2024-12-08,LAC vs. HOU,L,106,-11,LAC,HOU
694,0022400355,2024-12-08,GSW vs. MIN,W,114,8,GSW,MIN
695,0022400357,2024-12-08,SAC vs. UTA,W,141,44,SAC,UTA
697,0022400351,2024-12-08,MIA vs. CLE,W,122,9,MIA,CLE
698,0022400350,2024-12-08,ATL vs. DEN,L,111,-30,ATL,DEN
699,0022400352,2024-12-08,ORL vs. PHX,W,115,5,ORL,PHX
702,0022400358,2024-12-08,LAL vs. POR,W,107,9,LAL,POR
703,0022400354,2024-12-08,SAS vs. NOP,W,121,5,SAS,NOP
707,0022400353,2024-12-08,WAS vs. MEM,L,112,-28,WAS,MEM
710,0022400349,2024-12-08,IND vs. CHA,L,109,-4,IND,CHA
714,0022400347,2024-12-08,CHI vs. PHI,L,100,-8,CHI,PHI
716,0022400359,2024-12-09,TOR vs. NYK,L,108,-5,TOR,NYK
720,0022401203,2024-12-10,OKC vs. DAL,W,118,14,OKC,DAL
721,0022401201,2024-12-10,MIL vs. ORL,W,114,5,MIL,ORL
722,0022401204,2024-12-11,HOU vs. GSW,W,91,1,HOU,GSW
725,0022401202,2024-12-11,NYK vs. ATL,L,100,-8,NYK,ATL
726,0022401205,2024-12-12,BOS vs. DET,W,123,24,BOS,DET
727,0022401206,2024-12-12,MIA vs. TOR,W,114,10,MIA,TOR
730,0022401207,2024-12-12,NOP vs. SAC,L,109,-2,NOP,SAC
732,0022401212,2024-12-13,CHI vs. CHA,W,109,14,CHI,CHA
735,0022401211,2024-12-13,MEM vs. BKN,W,135,16,MEM,BKN
736,0022401208,2024-12-13,CLE vs. WAS,W,115,10,CLE,WAS
738,0022401215,2024-12-13,POR vs. SAS,L,116,-2,POR,SAS
742,0022401214,2024-12-13,UTA vs. PHX,L,126,-8,UTA,PHX
744,0022401213,2024-12-13,DEN vs. LAC,W,120,22,DEN,LAC
745,0022401210,2024-12-13,MIN vs. LAL,W,97,10,MIN,LAL
746,0022401209,2024-12-13,PHI vs. IND,L,107,-14,PHI,IND
752,0022401227,2024-12-15,ORL vs. NYK,L,91,-9,ORL,NYK
754,0022401217,2024-12-15,WAS vs. BOS,L,98,-14,WAS,BOS
757,0022401220,2024-12-15,LAL vs. MEM,W,116,6,LAL,MEM
758,0022401219,2024-12-15,PHX vs. POR,W,116,7,PHX,POR
759,0022401228,2024-12-15,GSW vs. DAL,L,133,-10,GSW,DAL
761,0022401216,2024-12-15,IND vs. NOP,W,119,15,IND,NOP
763,0022401218,2024-12-15,SAS vs. MIN,L,92,-14,SAS,MIN
767,0022401224,2024-12-16,BKN vs. CLE,L,101,-29,BKN,CLE
768,0022401221,2024-12-16,DET vs. MIA,W,125,1,DET,MIA
770,0022401223,2024-12-16,TOR vs. CHI,L,121,-1,TOR,CHI
771,0022401225,2024-12-16,SAC vs. DEN,L,129,-1,SAC,DEN
774,0022401226,2024-12-16,LAC vs. UTA,W,144,37,LAC,UTA
775,0022401222,2024-12-16,CHA vs. PHI,L,108,-13,CHA,PHI
778,0022400361,2024-12-19,ORL vs. OKC,L,99,-6,ORL,OKC
779,0022400364,2024-12-19,TOR vs. BKN,L,94,-7,TOR,BKN
780,0022400370,2024-12-19,SAS vs. ATL,W,133,7,SAS,ATL
783,0022400368,2024-12-19,DAL vs. LAC,L,95,-23,DAL,LAC
784,0022400363,2024-12-19,BOS vs. CHI,L,108,-9,BOS,CHI
787,0022400367,2024-12-19,MIN vs. NYK,L,107,-26,MIN,NYK
789,0022400371,2024-12-19,POR vs. DEN,W,126,2,POR,DEN
791,0022400369,2024-12-19,PHX vs. IND,L,111,-9,PHX,IND
792,0022400372,2024-12-19,SAC vs. LAL,L,100,-13,SAC,LAL
794,0022400366,2024-12-19,MEM vs. GSW,W,144,51,MEM,GSW
797,0022400365,2024-12-19,HOU vs. NOP,W,133,20,HOU,NOP
801,0022400360,2024-12-19,DET vs. UTA,L,119,-7,DET,UTA
802,0022400362,2024-12-19,WAS vs. CHA,W,123,9,WAS,CHA
804,0022400373,2024-12-20,PHI vs. CHA,W,108,10,PHI,CHA
807,0022400374,2024-12-20,CLE vs. MIL,W,124,23,CLE,MIL
809,0022400375,2024-12-20,MIA vs. OKC,L,97,-7,MIA,OKC
810,0022400377,2024-12-21,ORL vs. MIA,W,121,7,ORL,MIA
813,0022400376,2024-12-21,SAC vs. LAL,L,99,-4,SAC,LAL
815,0022400379,2024-12-21,BKN vs. UTA,L,94,-11,BKN,UTA
817,0022400380,2024-12-21,CLE vs. PHI,W,126,27,CLE,PHI
818,0022400384,2024-12-21,NOP vs. NYK,L,93,-11,NOP,NYK
820,0022400385,2024-12-21,DAL vs. LAC,W,113,16,DAL,LAC
823,0022400383,2024-12-21,MIN vs. GSW,L,103,-10,MIN,GSW
824,0022400378,2024-12-21,ATL vs. MEM,L,112,-16,ATL,MEM
826,0022400382,2024-12-21,MIL vs. WAS,W,112,11,MIL,WAS
828,0022400386,2024-12-21,SAS vs. POR,W,114,20,SAS,POR
830,0022400387,2024-12-21,PHX vs. DET,L,125,-8,PHX,DET
832,0022400381,2024-12-21,CHI vs. BOS,L,98,-25,CHI,BOS
835,0022400388,2024-12-22,TOR vs. HOU,L,110,-4,TOR,HOU
836,0022400390,2024-12-22,NOP vs. DEN,L,129,-3,NOP,DEN
839,0022400389,2024-12-22,SAC vs. IND,L,95,-27,SAC,IND
840,0022400397,2024-12-23,NYK vs. TOR,W,139,14,NYK,TOR
841,0022400404,2024-12-23,LAL vs. DET,L,114,-3,LAL,DET
842,0022400402,2024-12-23,DEN vs. PHX,W,117,27,DEN,PHX
844,0022400403,2024-12-23,GSW vs. IND,L,105,-6,GSW,IND
847,0022400399,2024-12-23,MEM vs. LAC,L,110,-4,MEM,LAC
850,0022400400,2024-12-23,OKC vs. WAS,W,123,18,OKC,WAS
852,0022400396,2024-12-23,MIA vs. BKN,W,110,15,MIA,BKN
853,0022400391,2024-12-23,CHA vs. HOU,L,101,-13,CHA,HOU
855,0022400394,2024-12-23,PHI vs. SAS,W,111,5,PHI,SAS
858,0022400395,2024-12-23,ATL vs. MIN,W,117,13,ATL,MIN
859,0022400392,2024-12-23,CLE vs. UTA,W,124,11,CLE,UTA
861,0022400393,2024-12-23,ORL vs. BOS,W,108,4,ORL,BOS
863,0022400398,2024-12-23,CHI vs. MIL,L,91,-21,CHI,MIL
866,0022400401,2024-12-23,DAL vs. POR,W,132,24,DAL,POR
869,0022400407,2024-12-25,BOS vs. PHI,L,114,-4,BOS,PHI
872,0022400405,2024-12-25,NYK vs. SAS,W,117,3,NYK,SAS
873,0022400409,2024-12-25,PHX vs. DEN,W,110,10,PHX,DEN
874,0022400408,2024-12-25,GSW vs. LAL,L,113,-2,GSW,LAL
876,0022400406,2024-12-25,DAL vs. MIN,L,99,-6,DAL,MIN
879,0022400410,2024-12-26,IND vs. OKC,L,114,-6,IND,OKC
880,0022400412,2024-12-26,WAS vs. CHA,W,113,3,WAS,CHA
882,0022400411,2024-12-26,ORL vs. MIA,L,88,-1,ORL,MIA
883,0022400418,2024-12-26,SAC vs. DET,L,113,-1,SAC,DET
886,0022400417,2024-12-26,POR vs. UTA,W,122,2,POR,UTA
889,0022400415,2024-12-26,MIL vs. BKN,L,105,-6,MIL,BKN
892,0022400414,2024-12-26,MEM vs. TOR,W,155,29,MEM,TOR
894,0022400416,2024-12-26,NOP vs. HOU,L,111,-17,NOP,HOU
895,0022400413,2024-12-26,ATL vs. CHI,W,141,8,ATL,CHI
896,0022400419,2024-12-27,ORL vs. NYK,L,85,-23,ORL,NYK
900,0022400421,2024-12-27,BKN vs. SAS,L,87,-9,BKN,SAS
901,0022400423,2024-12-27,NOP vs. MEM,L,124,-8,NOP,MEM
904,0022400424,2024-12-27,DEN vs. CLE,L,135,-14,DEN,CLE
905,0022400425,2024-12-27,PHX vs. DAL,L,89,-9,PHX,DAL
906,0022400426,2024-12-27,LAC vs. GSW,W,102,10,LAC,GSW
908,0022400422,2024-12-27,HOU vs. MIN,L,112,-1,HOU,MIN
911,0022400420,2024-12-27,BOS vs. IND,W,142,37,BOS,IND
915,0022400428,2024-12-28,CHA vs. OKC,L,94,-12,CHA,OKC
917,0022400435,2024-12-28,LAL vs. SAC,W,132,10,LAL,SAC
919,0022400434,2024-12-28,POR vs. DAL,W,126,4,POR,DAL
920,0022400433,2024-12-28,UTA vs. PHI,L,111,-3,UTA,PHI
921,0022400430,2024-12-28,CHI vs. MIL,W,116,5,CHI,MIL
922,0022400432,2024-12-28,DEN vs. DET,W,134,13,DEN,DET
925,0022400431,2024-12-28,GSW vs. PHX,W,109,4,GSW,PHX
926,0022400429,2024-12-28,WAS vs. NYK,L,132,-4,WAS,NYK
929,0022400427,2024-12-28,ATL vs. MIA,W,120,10,ATL,MIA
930,0022400438,2024-12-29,TOR vs. ATL,L,107,-29,TOR,ATL
931,0022400436,2024-12-29,ORL vs. BKN,W,102,1,ORL,BKN
932,0022400437,2024-12-29,BOS vs. IND,L,114,-9,BOS,IND
937,0022400441,2024-12-29,MIN vs. SAS,W,112,2,MIN,SAS
939,0022400439,2024-12-29,HOU vs. MIA,L,100,-4,HOU,MIA
940,0022400440,2024-12-29,OKC vs. MEM,W,130,24,OKC,MEM
943,0022400447,2024-12-30,POR vs. PHI,L,103,-22,POR,PHI
945,0022400442,2024-12-30,CHA vs. CHI,L,108,-7,CHA,CHI
947,0022400443,2024-12-30,WAS vs. NYK,L,106,-20,WAS,NYK
949,0022400446,2024-12-30,GSW vs. CLE,L,95,-18,GSW,CLE
951,0022400445,2024-12-30,UTA vs. DEN,L,121,-11,UTA,DEN
952,0022400444,2024-12-30,NOP vs. LAC,L,113,-3,NOP,LAC
954,0022400448,2024-12-30,SAC vs. DAL,W,110,10,SAC,DAL
956,0022400450,2024-12-31,IND vs. MIL,L,112,-8,IND,MIL
958,0022400453,2024-12-31,PHX vs. MEM,L,112,-5,PHX,MEM
960,0022400451,2024-12-31,SAS vs. LAC,W,122,36,SAS,LAC
962,0022400449,2024-12-31,BOS vs. TOR,W,125,54,BOS,TOR
964,0022400454,2024-12-31,LAL vs. CLE,L,110,-12,LAL,CLE
966,0022400452,2024-12-31,OKC vs. MIN,W,113,8,OKC,MIN
970,0022400462,2025-01-01,SAC vs. PHI,W,113,6,SAC,PHI
973,0022400455,2025-01-01,DET vs. ORL,W,105,9,DET,ORL
976,0022400459,2025-01-01,TOR vs. BKN,W,130,17,TOR,BKN
977,0022400457,2025-01-01,MIA vs. NOP,W,119,11,MIA,NOP
978,0022400458,2025-01-01,NYK vs. UTA,W,119,16,NYK,UTA
979,0022400456,2025-01-01,WAS vs. CHI,W,125,18,WAS,CHI
980,0022400460,2025-01-01,HOU vs. DAL,W,110,11,HOU,DAL
983,0022400461,2025-01-01,DEN vs. ATL,W,139,19,DEN,ATL
985,0022400467,2025-01-02,GSW vs. PHI,W,139,34,GSW,PHI
986,0022400468,2025-01-02,LAL vs. POR,W,114,8,LAL,POR
989,0022400465,2025-01-02,MIL vs. BKN,L,110,-3,MIL,BKN
991,0022400466,2025-01-02,OKC vs. LAC,W,116,18,OKC,LAC
992,0022400463,2025-01-02,MIA vs. IND,L,115,-13,MIA,IND
993,0022400464,2025-01-02,MIN vs. BOS,L,115,-3,MIN,BOS
998,0022400469,2025-01-03,DET vs. CHA,W,98,4,DET,CHA
999,0022400476,2025-01-03,SAC vs. MEM,W,138,5,SAC,MEM
1001,0022400477,2025-01-03,LAL vs. ATL,W,119,17,LAL,ATL
1004,0022400474,2025-01-03,DAL vs. CLE,L,122,-12,DAL,CLE
1005,0022400475,2025-01-03,DEN vs. SAS,L,110,-3,DEN,SAS
1009,0022400471,2025-01-03,HOU vs. BOS,L,86,-23,HOU,BOS
1010,0022400472,2025-01-03,NOP vs. WAS,W,132,12,NOP,WAS
1011,0022400470,2025-01-03,TOR vs. ORL,L,97,-9,TOR,ORL
1013,0022400473,2025-01-03,OKC vs. NYK,W,117,10,OKC,NYK
1017,0022400478,2025-01-04,BKN vs. PHI,L,94,-29,BKN,PHI
1019,0022400485,2025-01-04,GSW vs. MEM,W,121,8,GSW,MEM
1022,0022400482,2025-01-04,CHI vs. NYK,W,139,13,CHI,NYK
1023,0022400484,2025-01-04,SAS vs. DEN,L,111,-11,SAS,DEN
1026,0022400481,2025-01-04,MIA vs. UTA,L,100,-36,MIA,UTA
1027,0022400483,2025-01-04,MIL vs. POR,L,102,-3,MIL,POR
1028,0022400479,2025-01-04,DET vs. MIN,W,119,14,DET,MIN
1030,0022400480,2025-01-04,IND vs. PHX,W,126,18,IND,PHX
1031,0022400486,2025-01-04,LAC vs. ATL,W,131,26,LAC,ATL
1032,0022400487,2025-01-05,OKC vs. BOS,W,105,13,OKC,BOS
1034,0022400488,2025-01-05,CLE vs. CHA,W,115,10,CLE,CHA
1035,0022400489,2025-01-05,WAS vs. NOP,L,98,-12,WAS,NOP
1037,0022400492,2025-01-05,GSW vs. SAC,L,99,-30,GSW,SAC
1039,0022400491,2025-01-05,HOU vs. LAL,W,119,4,HOU,LAL
1042,0022400490,2025-01-05,ORL vs. UTA,L,92,-13,ORL,UTA
1046,0022400497,2025-01-06,TOR vs. MIL,L,104,-24,TOR,MIL
1048,0022400494,2025-01-06,PHI vs. PHX,L,99,-10,PHI,PHX
1050,0022400499,2025-01-06,MEM vs. DAL,W,119,15,MEM,DAL
1051,0022400498,2025-01-06,CHI vs. SAS,W,114,4,CHI,SAS
1052,0022400493,2025-01-06,DET vs. POR,W,118,3,DET,POR
1055,0022400500,2025-01-06,MIN vs. LAC,W,108,2,MIN,LAC
1056,0022400495,2025-01-06,BKN vs. IND,L,99,-14,BKN,IND
1059,0022400501,2025-01-06,SAC vs. MIA,W,123,5,SAC,MIA
1061,0022400496,2025-01-06,NYK vs. ORL,L,94,-9,NYK,ORL
1062,0022400503,2025-01-07,WAS vs. HOU,L,112,-23,WAS,HOU
1066,0022400504,2025-01-07,DAL vs. LAL,W,118,21,DAL,LAL
1067,0022400502,2025-01-07,CHA vs. PHX,W,115,11,CHA,PHX
1070,0022400505,2025-01-07,NOP vs. MIN,L,97,-7,NOP,MIN
1071,0022400506,2025-01-07,UTA vs. ATL,L,121,-3,UTA,ATL
1072,0022400508,2025-01-07,GSW vs. MIA,L,98,-16,GSW,MIA
1074,0022400507,2025-01-07,DEN vs. BOS,L,106,-12,DEN,BOS
1079,0022400516,2025-01-08,MIL vs. SAS,W,121,16,MIL,SAS
1080,0022400515,2025-01-08,DEN vs. LAC,W,126,23,DEN,LAC
1082,0022400514,2025-01-08,NOP vs. POR,L,100,-19,NOP,POR
1083,0022400513,2025-01-08,BKN vs. DET,L,98,-15,BKN,DET
1084,0022400510,2025-01-08,IND vs. CHI,W,129,16,IND,CHI
1085,0022400512,2025-01-08,PHI vs. WAS,W,109,6,PHI,WAS
1086,0022400511,2025-01-08,NYK vs. TOR,W,112,14,NYK,TOR
1088,0022400509,2025-01-08,CLE vs. OKC,W,129,7,CLE,OKC
1094,0022400520,2025-01-09,MEM vs. HOU,L,115,-4,MEM,HOU
1096,0022400522,2025-01-09,PHX vs. ATL,W,123,8,PHX,ATL
1097,0022400523,2025-01-09,UTA vs. MIA,L,92,-5,UTA,MIA
1100,0022400521,2025-01-09,DAL vs. POR,W,117,6,DAL,POR
1102,0022400519,2025-01-09,ORL vs. MIN,L,89,-15,ORL,MIN
1103,0022400518,2025-01-09,DET vs. GSW,L,104,-3,DET,GSW
1104,0022400517,2025-01-09,CLE vs. TOR,W,132,6,CLE,TOR
1107,0022400527,2025-01-10,PHI vs. NOP,L,115,-8,PHI,NOP
1109,0022400529,2025-01-10,NYK vs. OKC,L,101,-25,NYK,OKC
1111,0022400528,2025-01-10,BOS vs. SAC,L,97,-17,BOS,SAC
1113,0022400526,2025-01-10,ORL vs. MIL,L,106,-3,ORL,MIL
1114,0022400525,2025-01-10,IND vs. GSW,W,108,12,IND,GSW
1115,0022400530,2025-01-10,CHI vs. WAS,W,138,33,CHI,WAS
1116,0022400531,2025-01-10,DEN vs. BKN,W,124,19,DEN,BKN
1121,0022400535,2025-01-11,MIN vs. MEM,L,125,-2,MIN,MEM
1122,0022400536,2025-01-11,POR vs. MIA,L,98,-21,POR,MIA
1125,0022400534,2025-01-11,DET vs. TOR,W,123,9,DET,TOR
1126,0022400533,2025-01-11,PHX vs. UTA,W,114,8,PHX,UTA
1129,0022400539,2025-01-12,NYK vs. MIL,W,140,34,NYK,MIL
1133,0022400543,2025-01-12,CLE vs. IND,L,93,-15,CLE,IND
1135,0022400540,2025-01-12,DAL vs. DEN,L,101,-11,DAL,DEN
1136,0022400545,2025-01-12,WAS vs. OKC,L,95,-41,WAS,OKC
1140,0022400546,2025-01-12,UTA vs. BKN,W,112,1,UTA,BKN
1142,0022400542,2025-01-12,BOS vs. NOP,W,120,1,BOS,NOP
1143,0022400547,2025-01-12,PHX vs. CHA,W,120,7,PHX,CHA
1144,0022400541,2025-01-12,CHI vs. SAC,L,119,-5,CHI,SAC
1145,0022400544,2025-01-12,ORL vs. PHI,W,104,5,ORL,PHI
1146,0022400552,2025-01-13,LAL vs. SAS,L,102,-24,LAL,SAS
1148,0022400551,2025-01-13,HOU vs. MEM,W,120,2,HOU,MEM
1150,0022400549,2025-01-13,NYK vs. DET,L,119,-5,NYK,DET
1151,0022400550,2025-01-13,TOR vs. GSW,W,104,3,TOR,GSW
1153,0022400548,2025-01-13,WAS vs. MIN,L,106,-14,WAS,MIN
1156,0022400553,2025-01-13,LAC vs. MIA,W,109,11,LAC,MIA
1160,0022400559,2025-01-14,DAL vs. DEN,L,99,-19,DAL,DEN
1162,0022400557,2025-01-14,CHI vs. NOP,L,113,-6,CHI,NOP
1164,0022400560,2025-01-14,POR vs. BKN,L,114,-18,POR,BKN
1166,0022400554,2025-01-14,IND vs. CLE,L,117,-10,IND,CLE
1167,0022400556,2025-01-14,ATL vs. PHX,W,122,5,ATL,PHX
1170,0022400555,2025-01-14,PHI vs. OKC,L,102,-16,PHI,OKC
1171,0022400558,2025-01-14,MIL vs. SAC,W,130,15,MIL,SAC
1172,0022400566,2025-01-15,NOP vs. DAL,W,119,3,NOP,DAL
1173,0022400561,2025-01-15,PHI vs. NYK,L,119,-6,PHI,NYK
1175,0022400562,2025-01-15,TOR vs. BOS,W,110,13,TOR,BOS
1180,0022400564,2025-01-15,MIL vs. ORL,W,122,29,MIL,ORL
1182,0022400567,2025-01-15,SAS vs. MEM,L,115,-14,SAS,MEM
1183,0022400569,2025-01-15,UTA vs. CHA,L,112,-5,UTA,CHA
1185,0022400563,2025-01-15,CHI vs. ATL,L,94,-16,CHI,ATL
1186,0022400571,2025-01-15,LAC vs. BKN,W,126,59,LAC,BKN
1187,0022400568,2025-01-15,DEN vs. HOU,L,108,-20,DEN,HOU
1190,0022400565,2025-01-15,MIN vs. GSW,L,115,-1,MIN,GSW
1192,0022400570,2025-01-15,LAL vs. MIA,W,117,9,LAL,MIA
1195,0022400574,2025-01-16,OKC vs. CLE,W,134,20,OKC,CLE
1196,0022400573,2025-01-16,WAS vs. PHX,L,123,-7,WAS,PHX
1197,0022400572,2025-01-16,DET vs. IND,L,100,-11,DET,IND
1200,0022400575,2025-01-16,POR vs. LAC,L,89,-29,POR,LAC
1202,0022400576,2025-01-16,SAC vs. HOU,W,132,5,SAC,HOU
1205,0022400579,2025-01-17,MIA vs. DEN,L,113,-20,MIA,DEN
1209,0022400583,2025-01-17,DAL vs. OKC,W,106,8,DAL,OKC
1211,0022400582,2025-01-17,SAS vs. MEM,L,112,-28,SAS,MEM
1212,0022400585,2025-01-17,LAL vs. BKN,W,102,1,LAL,BKN
1214,0022400584,2025-01-17,CHI vs. CHA,L,123,-2,CHI,CHA
1216,0022400581,2025-01-17,NOP vs. UTA,W,136,13,NOP,UTA
1218,0022400578,2025-01-17,NYK vs. MIN,L,99,-17,NYK,MIN
1219,0022400577,2025-01-17,BOS vs. ORL,W,121,27,BOS,ORL
1221,0022400580,2025-01-17,MIL vs. TOR,W,130,18,MIL,TOR
1222,0022400586,2025-01-18,DET vs. PHX,L,121,-4,DET,PHX
1224,0022400588,2025-01-18,IND vs. PHI,W,115,13,IND,PHI
1226,0022400587,2025-01-18,BOS vs. ATL,L,115,-4,BOS,ATL
1229,0022400589,2025-01-18,GSW vs. WAS,W,122,8,GSW,WAS
1231,0022400590,2025-01-18,MIN vs. CLE,L,117,-7,MIN,CLE
1233,0022400591,2025-01-18,POR vs. HOU,L,103,-22,POR,HOU
1236,0022400594,2025-01-19,MIL vs. PHI,W,123,14,MIL,PHI
1238,0022400595,2025-01-19,OKC vs. BKN,W,127,26,OKC,BKN
1239,0022400596,2025-01-19,LAC vs. LAL,W,116,14,LAC,LAL
1241,0022400598,2025-01-19,SAC vs. WAS,W,123,23,SAC,WAS
1244,0022400593,2025-01-19,ORL vs. DEN,L,100,-13,ORL,DEN
1246,0022400592,2025-01-19,MIA vs. SAS,W,128,21,MIA,SAS
1247,0022400597,2025-01-19,POR vs. CHI,W,113,11,POR,CHI
1248,0022400605,2025-01-20,NOP vs. UTA,W,123,4,NOP,UTA
1250,0022400599,2025-01-20,CHA vs. DAL,W,110,5,CHA,DAL
1255,0022400603,2025-01-20,CLE vs. PHX,W,118,26,CLE,PHX
1256,0022400611,2025-01-20,LAC vs. CHI,L,99,-13,LAC,CHI
1258,0022400601,2025-01-20,MEM vs. MIN,W,108,2,MEM,MIN
1260,0022400604,2025-01-20,GSW vs. BOS,L,85,-40,GSW,BOS
1261,0022400602,2025-01-20,NYK vs. ATL,W,119,9,NYK,ATL
1263,0022400600,2025-01-20,HOU vs. DET,L,96,-11,HOU,DET
1265,0022400610,2025-01-21,LAL vs. WAS,W,111,23,LAL,WAS
1266,0022400609,2025-01-21,DEN vs. PHI,W,144,35,DEN,PHI
1268,0022400607,2025-01-21,MIA vs. POR,L,107,-9,MIA,POR
1269,0022400608,2025-01-21,TOR vs. ORL,W,109,16,TOR,ORL
1270,0022400606,2025-01-21,BKN vs. NYK,L,95,-4,BKN,NYK
1276,0022400614,2025-01-22,DAL vs. MIN,L,114,-1,DAL,MIN
1277,0022400612,2025-01-22,ATL vs. DET,L,104,-10,ATL,DET
1279,0022400613,2025-01-22,BKN vs. PHX,L,84,-24,BKN,PHX
1280,0022400618,2025-01-22,OKC vs. UTA,W,123,9,OKC,UTA
1284,0022400615,2025-01-22,HOU vs. CLE,W,109,1,HOU,CLE
1285,0022400619,2025-01-22,SAC vs. GSW,W,123,6,SAC,GSW
1287,0022400620,2025-01-22,LAC vs. BOS,L,113,-4,LAC,BOS
1289,0022400616,2025-01-22,MEM vs. CHA,W,132,12,MEM,CHA
1292,0022400628,2025-01-23,GSW vs. CHI,W,131,25,GSW,CHI
1295,0022400983,2025-01-23,LAC vs. WAS,W,110,17,LAC,WAS
1297,0022400629,2025-01-23,LAL vs. BOS,W,117,21,LAL,BOS
1299,0022400626,2025-01-23,DEN vs. SAC,W,132,9,DEN,SAC
1300,0022400624,2025-01-23,MIL vs. MIA,W,125,29,MIL,MIA
1301,0022400625,2025-01-23,OKC vs. DAL,L,115,-6,OKC,DAL
1303,0022400622,2025-01-23,ORL vs. POR,L,79,-22,ORL,POR
1305,0022400623,2025-01-23,ATL vs. TOR,L,119,-3,ATL,TOR
1309,0022400631,2025-01-24,PHI vs. CLE,W,132,3,PHI,CLE
1310,0022400630,2025-01-24,CHA vs. POR,L,97,-5,CHA,POR
1313,0022400632,2025-01-24,MEM vs. NOP,W,139,13,MEM,NOP
1314,0022400634,2025-01-25,MIN vs. DEN,W,133,29,MIN,DEN
1318,0022400636,2025-01-25,BKN vs. MIA,L,97,-9,BKN,MIA
1322,0022400646,2025-01-25,LAC vs. MIL,W,127,10,LAC,MIL
1324,0022400635,2025-01-25,DAL vs. BOS,L,107,-15,DAL,BOS
1326,0022400645,2025-01-25,PHX vs. WAS,W,119,10,PHX,WAS
1327,0022400644,2025-01-25,GSW vs. LAL,L,108,-10,GSW,LAL
1331,0022400642,2025-01-25,CHI vs. PHI,L,97,-12,CHI,PHI
1332,0022400643,2025-01-25,MEM vs. UTA,W,125,22,MEM,UTA
1334,0022400640,2025-01-25,CLE vs. HOU,L,131,-4,CLE,HOU
1336,0022400641,2025-01-25,NYK vs. SAC,W,143,23,NYK,SAC
1337,0022400639,2025-01-25,ATL vs. TOR,L,94,-23,ATL,TOR
1338,0022400638,2025-01-25,ORL vs. DET,W,121,8,ORL,DET
1339,0022400637,2025-01-25,CHA vs. NOP,W,123,31,CHA,NOP
1343,0022400647,2025-01-26,POR vs. OKC,L,108,-10,POR,OKC
1347,0022400648,2025-01-27,CHA vs. LAL,L,107,-5,CHA,LAL
1350,0022400652,2025-01-27,MIA vs. ORL,W,125,6,MIA,ORL
1351,0022400649,2025-01-27,CLE vs. DET,W,110,19,CLE,DET
1353,0022400656,2025-01-27,MIN vs. ATL,W,100,8,MIN,ATL
1354,0022400657,2025-01-27,DAL vs. WAS,W,130,22,DAL,WAS
1355,0022400653,2025-01-27,NYK vs. MEM,W,143,37,NYK,MEM
1357,0022400651,2025-01-27,BKN vs. SAC,L,96,-14,BKN,SAC
1358,0022400654,2025-01-27,TOR vs. NOP,W,113,9,TOR,NOP
1360,0022400650,2025-01-27,BOS vs. HOU,L,112,-2,BOS,HOU
1362,0022400659,2025-01-27,PHX vs. LAC,W,111,2,PHX,LAC
1364,0022400658,2025-01-27,UTA vs. MIL,L,110,-15,UTA,MIL
1367,0022400655,2025-01-27,CHI vs. DEN,W,129,8,CHI,DEN
1368,0022400660,2025-01-28,PHI vs. LAL,W,118,14,PHI,LAL
1371,0022400532,2025-01-28,ATL vs. HOU,L,96,-4,ATL,HOU
1373,0022400662,2025-01-28,POR vs. MIL,W,125,13,POR,MIL
1374,0022400661,2025-01-28,GSW vs. UTA,W,114,11,GSW,UTA
1376,0022400670,2025-01-29,NOP vs. DAL,L,136,-1,NOP,DAL
1377,0022400673,2025-01-29,GSW vs. OKC,W,116,7,GSW,OKC
1383,0022400664,2025-01-29,IND vs. DET,W,133,14,IND,DET
1385,0022400665,2025-01-29,WAS vs. TOR,L,82,-24,WAS,TOR
1387,0022400667,2025-01-29,MIA vs. CLE,L,106,-20,MIA,CLE
1388,0022400669,2025-01-29,PHI vs. SAC,W,117,13,PHI,SAC
1390,0022400668,2025-01-29,NYK vs. DEN,W,122,10,NYK,DEN
1392,0022400672,2025-01-29,PHX vs. MIN,L,113,-8,PHX,MIN
1395,0022400663,2025-01-29,CHA vs. BKN,L,83,-21,CHA,BKN
1396,0022400666,2025-01-29,BOS vs. CHI,W,122,22,BOS,CHI
1397,0022400671,2025-01-29,SAS vs. LAC,L,116,-12,SAS,LAC
1398,0022400678,2025-01-30,POR vs. ORL,W,119,29,POR,ORL
1402,0022400675,2025-01-30,CLE vs. ATL,W,137,22,CLE,ATL
1403,0022400676,2025-01-30,MEM vs. HOU,W,120,1,MEM,HOU
1405,0022400677,2025-01-30,UTA vs. MIN,L,113,-25,UTA,MIN
1406,0022400674,2025-01-30,WAS vs. LAL,L,96,-38,WAS,LAL
1408,0022400680,2025-01-31,DET vs. DAL,W,117,15,DET,DAL
1412,0022400682,2025-01-31,TOR vs. CHI,L,106,-16,TOR,CHI
1413,0022400684,2025-01-31,SAS vs. MIL,W,144,26,SAS,MIL
1414,0022400679,2025-01-31,CHA vs. LAC,L,104,-8,CHA,LAC
1419,0022400685,2025-01-31,GSW vs. PHX,L,105,-25,GSW,PHX
1420,0022400683,2025-01-31,NOP vs. BOS,L,116,-2,NOP,BOS
1421,0022400681,2025-01-31,PHI vs. DEN,L,134,-3,PHI,DEN
1422,0022400690,2025-02-01,MIN vs. WAS,L,103,-2,MIN,WAS
1425,0022400689,2025-02-01,HOU vs. BKN,L,98,-12,HOU,BKN
1426,0022400692,2025-02-01,NYK vs. LAL,L,112,-16,NYK,LAL
1428,0022400694,2025-02-01,POR vs. PHX,W,127,19,POR,PHX
1430,0022400687,2025-02-01,UTA vs. ORL,W,113,14,UTA,ORL
1431,0022400693,2025-02-01,SAS vs. MIA,L,103,-2,SAS,MIA
1436,0022400691,2025-02-01,OKC vs. SAC,W,144,34,OKC,SAC
1437,0022400688,2025-02-01,CHA vs. DEN,L,104,-3,CHA,DEN
1438,0022400686,2025-02-01,IND vs. ATL,W,132,5,IND,ATL
1441,0022400695,2025-02-02,DET vs. CHI,W,127,8,DET,CHI
1443,0022400698,2025-02-02,PHI vs. BOS,L,110,-8,PHI,BOS
1445,0022400699,2025-02-02,MIL vs. MEM,L,119,-13,MIL,MEM
1446,0022400696,2025-02-02,CLE vs. DAL,W,144,43,CLE,DAL
1447,0022400697,2025-02-02,TOR vs. LAC,W,115,7,TOR,LAC
1452,0022400709,2025-02-03,POR vs. PHX,W,121,2,POR,PHX
1453,0022400708,2025-02-03,GSW vs. ORL,W,104,5,GSW,ORL
1454,0022400702,2025-02-03,NYK vs. HOU,W,124,6,NYK,HOU
1455,0022400707,2025-02-03,UTA vs. IND,L,111,-1,UTA,IND
1456,0022400706,2025-02-03,DEN vs. NOP,W,125,12,DEN,NOP
1458,0022400704,2025-02-03,MIN vs. SAC,L,114,-2,MIN,SAC
1459,0022400703,2025-02-03,MEM vs. SAS,W,128,19,MEM,SAS
1462,0022400700,2025-02-03,CHA vs. WAS,L,114,-10,CHA,WAS
1464,0022400705,2025-02-03,OKC vs. MIL,W,125,29,OKC,MIL
1466,0022400701,2025-02-03,DET vs. ATL,L,130,-2,DET,ATL
1470,0022400713,2025-02-04,TOR vs. NYK,L,115,-6,TOR,NYK
1471,0022400710,2025-02-04,CLE vs. BOS,L,105,-7,CLE,BOS
1473,0022400712,2025-02-04,PHI vs. DAL,W,118,2,PHI,DAL
1476,0022400711,2025-02-04,BKN vs. HOU,W,99,2,BKN,HOU
1477,0022400714,2025-02-04,CHI vs. MIA,W,133,9,CHI,MIA
1481,0022400715,2025-02-04,LAC vs. LAL,L,97,-25,LAC,LAL
1482,0022400716,2025-02-04,POR vs. IND,W,112,23,POR,IND
1485,0022400717,2025-02-05,CHA vs. MIL,L,102,-10,CHA,MIL
1486,0022400719,2025-02-05,ATL vs. SAS,L,125,-1,ATL,SAS
1490,0022400718,2025-02-05,DET vs. CLE,L,115,-3,DET,CLE
1492,0022400721,2025-02-05,PHI vs. MIA,L,101,-7,PHI,MIA
1493,0022400722,2025-02-05,TOR vs. MEM,L,107,-31,TOR,MEM
1495,0022400726,2025-02-05,DEN vs. NOP,W,144,25,DEN,NOP
1496,0022400720,2025-02-05,BKN vs. WAS,L,102,-17,BKN,WAS
1500,0022400727,2025-02-05,SAC vs. ORL,L,111,-19,SAC,ORL
1502,0022400724,2025-02-05,OKC vs. PHX,W,140,31,OKC,PHX
1503,0022400723,2025-02-05,MIN vs. CHI,W,127,19,MIN,CHI
1504,0022400725,2025-02-05,UTA vs. GSW,W,131,3,UTA,GSW
1507,0022400728,2025-02-06,BOS vs. DAL,L,120,-7,BOS,DAL
1509,0022400729,2025-02-06,MIN vs. HOU,W,127,13,MIN,HOU
1511,0022400730,2025-02-06,DEN vs. ORL,W,112,22,DEN,ORL
1513,0022400732,2025-02-06,POR vs. SAC,W,108,6,POR,SAC
1514,0022400733,2025-02-06,LAC vs. IND,L,112,-7,LAC,IND
1516,0022400731,2025-02-06,LAL vs. GSW,W,120,8,LAL,GSW
1521,0022400739,2025-02-07,OKC vs. TOR,W,121,12,OKC,TOR
1523,0022400737,2025-02-07,BKN vs. MIA,W,102,16,BKN,MIA
1524,0022400738,2025-02-07,DET vs. PHI,W,125,13,DET,PHI
1526,0022400734,2025-02-07,CHA vs. SAS,W,117,1,CHA,SAS
1528,0022400735,2025-02-07,WAS vs. CLE,L,124,-10,WAS,CLE
1530,0022400740,2025-02-07,PHX vs. UTA,W,135,8,PHX,UTA
1531,0022400736,2025-02-07,ATL vs. MIL,W,115,5,ATL,MIL
1533,0022400741,2025-02-08,DAL vs. HOU,W,116,11,DAL,HOU
1535,0022400743,2025-02-08,ORL vs. SAS,W,112,1,ORL,SAS
1537,0022400747,2025-02-08,MIN vs. POR,W,114,16,MIN,POR
1539,0022400744,2025-02-08,WAS vs. ATL,L,111,-14,WAS,ATL
1540,0022400751,2025-02-08,LAC vs. UTA,W,130,20,LAC,UTA
1543,0022400748,2025-02-08,NYK vs. BOS,L,104,-27,NYK,BOS
1544,0022400742,2025-02-08,LAL vs. IND,W,124,7,LAL,IND
1548,0022400745,2025-02-08,CHI vs. GSW,L,111,-21,CHI,GSW
1549,0022400746,2025-02-08,MEM vs. OKC,L,112,-13,MEM,OKC
1551,0022400749,2025-02-08,PHX vs. DEN,L,105,-17,PHX,DEN
1553,0022400750,2025-02-08,SAC vs. NOP,W,123,5,SAC,NOP
1555,0022400752,2025-02-09,DET vs. CHA,W,112,10,DET,CHA
1557,0022400753,2025-02-09,HOU vs. TOR,W,94,7,HOU,TOR
1559,0022400754,2025-02-09,MIL vs. PHI,W,135,8,MIL,PHI
1561,0022400755,2025-02-10,CLE vs. MIN,W,128,21,CLE,MIN
1562,0022400757,2025-02-10,WAS vs. SAS,L,121,-10,WAS,SAS
1563,0022400756,2025-02-10,ORL vs. ATL,L,106,-6,ORL,ATL
1567,0022400758,2025-02-10,BKN vs. CHA,W,97,8,BKN,CHA
1569,0022400761,2025-02-10,OKC vs. NOP,W,137,36,OKC,NOP
1570,0022400759,2025-02-10,MIA vs. BOS,L,85,-18,MIA,BOS
1571,0022400760,2025-02-10,MIL vs. GSW,L,111,-14,MIL,GSW
1573,0022400762,2025-02-10,DAL vs. SAC,L,128,-1,DAL,SAC
1575,0022400763,2025-02-10,DEN vs. POR,W,146,29,DEN,POR
1579,0022400768,2025-02-10,LAL vs. UTA,W,132,19,LAL,UTA
1580,0022400764,2025-02-11,PHI vs. TOR,L,103,-3,PHI,TOR
1581,0022400765,2025-02-11,IND vs. NYK,L,115,-13,IND,NYK
1584,0022400766,2025-02-11,CHI vs. DET,L,92,-40,CHI,DET
1587,0022400767,2025-02-11,PHX vs. MEM,L,112,-7,PHX,MEM
1589,0022400783,2025-02-12,LAC vs. MEM,W,128,14,LAC,MEM
1591,0022400782,2025-02-12,DAL vs. GSW,W,111,4,DAL,GSW
1593,0022400780,2025-02-12,DEN vs. POR,W,132,11,DEN,POR
1596,0022400769,2025-02-12,BOS vs. SAS,W,116,13,BOS,SAS
1598,0022400771,2025-02-12,WAS vs. IND,L,130,-4,WAS,IND
1601,0022400774,2025-02-12,TOR vs. CLE,L,108,-23,TOR,CLE
1602,0022400776,2025-02-12,MIN vs. MIL,L,101,-2,MIN,MIL
1604,0022400778,2025-02-12,OKC vs. MIA,W,115,14,OKC,MIA
1606,0022400775,2025-02-12,CHI vs. DET,L,110,-18,CHI,DET
1608,0022400777,2025-02-12,NOP vs. SAC,L,111,-8,NOP,SAC
1609,0022400772,2025-02-12,BKN vs. PHI,W,100,4,BKN,PHI
1610,0022400770,2025-02-12,ORL vs. CHA,W,102,16,ORL,CHA
1612,0022400781,2025-02-12,UTA vs. LAL,W,131,12,UTA,LAL
1614,0022400773,2025-02-12,NYK vs. ATL,W,149,1,NYK,ATL
1616,0022400779,2025-02-12,HOU vs. PHX,W,119,8,HOU,PHX
1619,0022400784,2025-02-13,HOU vs. GSW,L,98,-7,HOU,GSW
1620,0022400785,2025-02-13,NOP vs. SAC,W,140,7,NOP,SAC
1621,0022401004,2025-02-13,UTA vs. LAC,L,116,-4,UTA,LAC
1624,0022400786,2025-02-13,DAL vs. MIA,W,118,5,DAL,MIA
1625,0022400787,2025-02-13,MIN vs. OKC,W,116,15,MIN,OKC
1629,0022400524,2025-02-19,LAL vs. CHA,L,97,-3,LAL,CHA
1630,0022400788,2025-02-20,IND vs. MEM,W,127,14,IND,MEM
1631,0022400789,2025-02-20,PHI vs. BOS,L,104,-20,PHI,BOS
1632,0022400795,2025-02-20,SAS vs. PHX,W,120,11,SAS,PHX
1633,0022400796,2025-02-20,POR vs. LAL,L,102,-8,POR,LAL
1638,0022400794,2025-02-20,DEN vs. CHA,W,129,14,DEN,CHA
1639,0022400793,2025-02-20,MIL vs. LAC,W,116,6,MIL,LAC
1641,0022400792,2025-02-20,NYK vs. CHI,W,113,2,NYK,CHI
1644,0022400790,2025-02-20,ATL vs. ORL,L,108,-6,ATL,ORL
1645,0022400791,2025-02-20,BKN vs. CLE,L,97,-13,BKN,CLE
1650,0022400798,2025-02-21,ORL vs. MEM,L,104,-1,ORL,MEM
1652,0022400797,2025-02-21,CLE vs. NYK,W,142,37,CLE,NYK
1653,0022400800,2025-02-21,TOR vs. MIA,L,111,-9,TOR,MIA
1655,0022400799,2025-02-21,WAS vs. MIL,L,101,-3,WAS,MIL
1658,0022400802,2025-02-21,SAS vs. DET,L,110,-15,SAS,DET
1660,0022400801,2025-02-21,HOU vs. MIN,W,121,6,HOU,MIN
1661,0022400805,2025-02-21,SAC vs. GSW,L,108,-24,SAC,GSW
1662,0022400804,2025-02-21,UTA vs. OKC,L,107,-23,UTA,OKC
1664,0022400803,2025-02-21,DAL vs. NOP,W,111,8,DAL,NOP
1667,0022400809,2025-02-22,UTA vs. HOU,W,124,9,UTA,HOU
1668,0022400807,2025-02-22,PHI vs. BKN,L,103,-2,PHI,BKN
1671,0022400810,2025-02-22,POR vs. CHA,W,141,53,POR,CHA
1673,0022400806,2025-02-22,CHI vs. PHX,L,117,-4,CHI,PHX
1675,0022400808,2025-02-22,DEN vs. LAL,L,100,-23,DEN,LAL
1676,0022400811,2025-02-23,BOS vs. NYK,W,118,13,BOS,NYK
1681,0022400818,2025-02-23,NOP vs. SAS,W,114,18,NOP,SAS
1686,0022400816,2025-02-23,TOR vs. PHX,W,127,18,TOR,PHX
1687,0022400812,2025-02-23,GSW vs. DAL,W,126,24,GSW,DAL
1688,0022400817,2025-02-23,MIL vs. MIA,W,120,7,MIL,MIA
1690,0022400813,2025-02-23,IND vs. LAC,W,129,18,IND,LAC
1691,0022400814,2025-02-23,ATL vs. DET,L,143,-5,ATL,DET
1692,0022400815,2025-02-23,ORL vs. WAS,W,110,20,ORL,WAS
1694,0022400820,2025-02-23,MIN vs. OKC,L,123,-7,MIN,OKC
1695,0022400819,2025-02-23,CLE vs. MEM,W,129,6,CLE,MEM
1697,0022400823,2025-02-24,PHI vs. CHI,L,110,-32,PHI,CHI
1698,0022400825,2025-02-24,ATL vs. MIA,W,98,12,ATL,MIA
1701,0022400821,2025-02-24,DET vs. LAC,W,106,9,DET,LAC
1703,0022400826,2025-02-24,OKC vs. MIN,L,128,-3,OKC,MIN
1704,0022400824,2025-02-24,WAS vs. BKN,W,107,8,WAS,BKN
1709,0022400827,2025-02-24,UTA vs. POR,L,112,-2,UTA,POR
1710,0022400828,2025-02-24,SAC vs. CHA,W,130,42,SAC,CHA
1711,0022400822,2025-02-24,IND vs. DEN,L,116,-9,IND,DEN
1714,0022400831,2025-02-25,HOU vs. MIL,W,100,3,HOU,MIL
1716,0022400834,2025-02-25,GSW vs. CHA,W,128,36,GSW,CHA
1718,0022400835,2025-02-25,LAL vs. DAL,W,107,8,LAL,DAL
1720,0022400832,2025-02-25,MEM vs. PHX,W,151,3,MEM,PHX
1721,0022400833,2025-02-25,NOP vs. SAS,W,109,6,NOP,SAS
1724,0022400830,2025-02-25,ORL vs. CLE,L,82,-40,ORL,CLE
1725,0022400829,2025-02-25,TOR vs. BOS,L,101,-10,TOR,BOS
1727,0022400841,2025-02-26,MIA vs. ATL,W,131,22,MIA,ATL
1728,0022400837,2025-02-26,IND vs. TOR,W,111,20,IND,TOR
1732,0022400836,2025-02-26,DET vs. BOS,W,117,20,DET,BOS
1734,0022400838,2025-02-26,NYK vs. PHI,W,110,5,NYK,PHI
1735,0022400839,2025-02-26,WAS vs. POR,L,121,-8,WAS,POR
1736,0022400842,2025-02-26,CHI vs. LAC,L,117,-5,CHI,LAC
1738,0022400840,2025-02-26,BKN vs. OKC,L,121,-8,BKN,OKC
1741,0022400843,2025-02-26,UTA vs. SAC,L,101,-17,UTA,SAC
1742,0022400844,2025-02-26,HOU vs. SAS,W,118,12,HOU,SAS
1744,0022400849,2025-02-27,LAL vs. MIN,W,111,9,LAL,MIN
1746,0022400848,2025-02-27,PHX vs. NOP,L,116,-8,PHX,NOP
1747,0022400846,2025-02-27,MIL vs. DEN,W,121,9,MIL,DEN
1748,0022400847,2025-02-27,DAL vs. CHA,W,103,7,DAL,CHA
1753,0022400845,2025-02-27,ORL vs. GSW,L,115,-6,ORL,GSW
1755,0022400850,2025-02-28,DET vs. DEN,L,119,-15,DET,DEN
1756,0022400852,2025-02-28,BOS vs. CLE,L,116,-7,BOS,CLE
1758,0022400853,2025-02-28,BKN vs. POR,L,102,-19,BKN,POR
1759,0022400854,2025-02-28,MIA vs. IND,W,125,5,MIA,IND
1763,0022400855,2025-02-28,CHI vs. TOR,W,125,10,CHI,TOR
1764,0022400856,2025-02-28,MEM vs. NYK,L,113,-1,MEM,NYK
1765,0022400857,2025-02-28,PHX vs. NOP,W,125,17,PHX,NOP
1769,0022400851,2025-02-28,ATL vs. OKC,L,119,-16,ATL,OKC
1771,0022400859,2025-02-28,LAL vs. LAC,W,106,4,LAL,LAC
1773,0022400858,2025-02-28,UTA vs. MIN,W,117,1,UTA,MIN
1775,0022400860,2025-03-01,CHA vs. WAS,L,100,-13,CHA,WAS
1776,0022400861,2025-03-01,DET vs. BKN,W,115,21,DET,BKN
1777,0022400862,2025-03-01,HOU vs. SAC,L,103,-10,HOU,SAC
1778,0022400865,2025-03-01,DAL vs. MIL,L,117,-15,DAL,MIL
1780,0022400863,2025-03-01,MEM vs. SAS,L,128,-2,MEM,SAS
1783,0022400864,2025-03-01,PHI vs. GSW,W,126,7,PHI,GSW
1787,0022400866,2025-03-02,BOS vs. DEN,W,110,7,BOS,DEN
1789,0022400868,2025-03-02,IND vs. CHI,W,127,15,IND,CHI
1791,0022400870,2025-03-02,ORL vs. TOR,L,102,-2,ORL,TOR
1792,0022400874,2025-03-02,LAL vs. LAC,W,108,6,LAL,LAC
1793,0022400872,2025-03-02,UTA vs. NOP,L,121,-7,UTA,NOP
1795,0022400873,2025-03-02,PHX vs. MIN,L,98,-18,PHX,MIN
1799,0022400867,2025-03-02,CLE vs. POR,W,133,4,CLE,POR
1800,0022400869,2025-03-02,MIA vs. NYK,L,112,-4,MIA,NYK
1802,0022400871,2025-03-02,SAS vs. OKC,L,132,-14,SAS,OKC
1805,0022400877,2025-03-03,MIA vs. WAS,W,106,16,MIA,WAS
1808,0022400879,2025-03-03,OKC vs. HOU,W,137,9,OKC,HOU
1809,0022400878,2025-03-03,MEM vs. ATL,L,130,-2,MEM,ATL
1811,0022400880,2025-03-03,DAL vs. SAC,L,98,-24,DAL,SAC
1813,0022400881,2025-03-03,UTA vs. DET,L,106,-28,UTA,DET
1815,0022400876,2025-03-03,PHI vs. POR,L,102,-17,PHI,POR
1817,0022400875,2025-03-03,CHA vs. GSW,L,101,-18,CHA,GSW
1820,0022400890,2025-03-04,LAL vs. NOP,W,136,21,LAL,NOP
1821,0022400889,2025-03-04,PHX vs. LAC,W,119,2,PHX,LAC
1823,0022400888,2025-03-04,SAS vs. BKN,W,127,14,SAS,BKN
1827,0022400886,2025-03-04,CHI vs. CLE,L,117,-22,CHI,CLE
1828,0022400887,2025-03-04,MIN vs. PHI,W,126,14,MIN,PHI
1830,0022400885,2025-03-04,NYK vs. GSW,L,102,-12,NYK,GSW
1832,0022400884,2025-03-04,ATL vs. MIL,L,121,-6,ATL,MIL
1833,0022400883,2025-03-04,ORL vs. TOR,L,113,-1,ORL,TOR
1834,0022400882,2025-03-04,IND vs. HOU,W,115,13,IND,HOU
1837,0022400898,2025-03-05,LAC vs. DET,W,123,8,LAC,DET
1839,0022400895,2025-03-05,MEM vs. OKC,L,103,-17,MEM,OKC
1840,0022400896,2025-03-05,DEN vs. SAC,W,116,6,DEN,SAC
1841,0022400894,2025-03-05,WAS vs. UTA,W,125,3,WAS,UTA
1842,0022400892,2025-03-05,CHA vs. MIN,L,110,-15,CHA,MIN
1844,0022400891,2025-03-05,BOS vs. POR,W,128,10,BOS,POR
1849,0022400893,2025-03-05,CLE vs. MIA,W,112,5,CLE,MIA
1850,0022400897,2025-03-05,MIL vs. DAL,W,137,30,MIL,DAL
1852,0022400903,2025-03-06,LAL vs. NYK,W,113,4,LAL,NYK
1853,0022400900,2025-03-06,BOS vs. PHI,W,123,18,BOS,PHI
1856,0022400899,2025-03-06,ATL vs. IND,W,124,6,ATL,IND
1858,0022400901,2025-03-06,BKN vs. GSW,L,119,-2,BKN,GSW
1860,0022400902,2025-03-06,NOP vs. HOU,L,97,-12,NOP,HOU
1861,0022400944,2025-03-06,ORL vs. CHI,L,123,-2,ORL,CHI
1865,0022400911,2025-03-07,LAC vs. NYK,W,105,10,LAC,NYK
1866,0022400909,2025-03-07,DEN vs. PHX,W,149,8,DEN,PHX
1868,0022400910,2025-03-07,SAC vs. SAS,W,127,18,SAC,SAS
1872,0022400907,2025-03-07,MIA vs. MIN,L,104,-2,MIA,MIN
1874,0022400908,2025-03-07,OKC vs. POR,W,107,18,OKC,POR
1876,0022400905,2025-03-07,TOR vs. UTA,W,118,9,TOR,UTA
1877,0022400906,2025-03-07,DAL vs. MEM,L,111,-11,DAL,MEM
1878,0022400904,2025-03-07,CHA vs. CLE,L,117,-1,CHA,CLE
1880,0022400913,2025-03-08,HOU vs. NOP,W,146,29,HOU,NOP
1883,0022400915,2025-03-08,TOR vs. WAS,L,117,-1,TOR,WAS
1886,0022400912,2025-03-08,CHA vs. BKN,W,105,3,CHA,BKN
1887,0022400917,2025-03-08,MIL vs. ORL,L,109,-2,MIL,ORL
1889,0022400918,2025-03-08,BOS vs. LAL,W,111,10,BOS,LAL
1891,0022400916,2025-03-08,MIA vs. CHI,L,109,-5,MIA,CHI
1892,0022400914,2025-03-08,ATL vs. IND,W,120,2,ATL,IND
1895,0022400919,2025-03-08,GSW vs. DET,W,115,5,GSW,DET
1896,0022400925,2025-03-09,MIN vs. SAS,W,141,17,MIN,SAS
1898,0022400923,2025-03-09,NOP vs. MEM,L,104,-3,NOP,MEM
1902,0022400924,2025-03-09,PHI vs. UTA,W,126,4,PHI,UTA
1906,0022400926,2025-03-09,POR vs. DET,L,112,-7,POR,DET
1907,0022400922,2025-03-09,MIL vs. CLE,L,100,-12,MIL,CLE
1909,0022400927,2025-03-09,LAC vs. SAC,W,111,1,LAC,SAC
1910,0022400921,2025-03-09,DAL vs. PHX,L,116,-9,DAL,PHX
1911,0022400920,2025-03-09,OKC vs. DEN,W,127,24,OKC,DEN
1912,0022400939,2025-03-10,SAC vs. NYK,L,104,-29,SAC,NYK
1915,0022400930,2025-03-10,BKN vs. LAL,W,111,3,BKN,LAL
1917,0022400929,2025-03-10,BOS vs. UTA,W,114,6,BOS,UTA
1918,0022400937,2025-03-10,SAS vs. DAL,L,129,-4,SAS,DAL
1921,0022400935,2025-03-10,MEM vs. PHX,W,120,2,MEM,PHX
1923,0022400934,2025-03-10,HOU vs. ORL,W,97,13,HOU,ORL
1924,0022400938,2025-03-10,GSW vs. POR,W,130,10,GSW,POR
1926,0022400936,2025-03-10,OKC vs. DEN,L,127,-13,OKC,DEN
1928,0022400933,2025-03-10,CHI vs. IND,W,121,18,CHI,IND
1930,0022400931,2025-03-10,MIA vs. CHA,L,102,-3,MIA,CHA
1933,0022400928,2025-03-10,ATL vs. PHI,W,132,9,ATL,PHI
1935,0022400932,2025-03-10,TOR vs. WAS,W,119,15,TOR,WAS
1936,0022400943,2025-03-11,NOP vs. LAC,W,127,7,NOP,LAC
1937,0022400940,2025-03-11,CLE vs. BKN,W,109,5,CLE,BKN
1938,0022400941,2025-03-11,DET vs. WAS,W,123,20,DET,WAS
1941,0022400942,2025-03-11,IND vs. MIL,W,115,1,IND,MIL
1945,0022400945,2025-03-12,ATL vs. CHA,W,123,13,ATL,CHA
1947,0022400946,2025-03-12,BOS vs. OKC,L,112,-6,BOS,OKC
1949,0022400950,2025-03-12,MEM vs. UTA,W,122,7,MEM,UTA
1950,0022400948,2025-03-12,MIA vs. LAC,L,104,-15,MIA,LAC
1951,0022400951,2025-03-12,SAS vs. DAL,W,126,10,SAS,DAL
1955,0022400947,2025-03-12,TOR vs. PHI,W,118,13,TOR,PHI
1957,0022400949,2025-03-12,HOU vs. PHX,W,111,7,HOU,PHX
1959,0022400952,2025-03-12,DEN vs. MIN,L,95,-20,DEN,MIN
1960,0022400953,2025-03-12,POR vs. NYK,L,113,-1,POR,NYK
1962,0022400956,2025-03-13,CHI vs. BKN,W,116,6,CHI,BKN
1965,0022400955,2025-03-13,MIL vs. LAL,W,126,20,MIL,LAL
1968,0022400957,2025-03-13,GSW vs. SAC,W,130,26,GSW,SAC
1970,0022400954,2025-03-13,DET vs. WAS,L,125,-4,DET,WAS
1971,0022401141,2025-03-13,NOP vs. ORL,L,93,-20,NOP,ORL
1972,0022400966,2025-03-14,UTA vs. TOR,L,118,-8,UTA,TOR
1974,0022400967,2025-03-14,PHX vs. SAC,W,122,16,PHX,SAC
1975,0022400958,2025-03-14,MIA vs. BOS,L,91,-12,MIA,BOS
1977,0022400965,2025-03-14,DEN vs. LAL,W,131,5,DEN,LAL
1978,0022400962,2025-03-14,MEM vs. CLE,L,124,-9,MEM,CLE
1979,0022400964,2025-03-14,SAS vs. CHA,L,134,-11,SAS,CHA
1982,0022400963,2025-03-14,MIN vs. ORL,W,118,7,MIN,ORL
1986,0022400961,2025-03-14,HOU vs. DAL,W,133,37,HOU,DAL
1988,0022400960,2025-03-14,ATL vs. LAC,L,98,-23,ATL,LAC
1991,0022400959,2025-03-14,PHI vs. IND,L,100,-12,PHI,IND
1993,0022400968,2025-03-15,BKN vs. BOS,L,113,-2,BKN,BOS
1995,0022400974,2025-03-15,GSW vs. NYK,W,97,3,GSW,NYK
1998,0022400971,2025-03-15,MEM vs. MIA,W,125,34,MEM,MIA
2000,0022400969,2025-03-15,DET vs. OKC,L,107,-6,DET,OKC
2003,0022400972,2025-03-15,MIL vs. IND,W,126,7,MIL,IND
2005,0022400970,2025-03-15,HOU vs. CHI,W,117,3,HOU,CHI
2006,0022400975,2025-03-15,DEN vs. WAS,L,123,-3,DEN,WAS
2007,0022400973,2025-03-15,SAS vs. NOP,W,119,4,SAS,NOP
2008,0022400980,2025-03-16,POR vs. TOR,W,105,3,POR,TOR
2011,0022400978,2025-03-16,BKN vs. ATL,W,122,8,BKN,ATL
2014,0022400982,2025-03-16,MIL vs. OKC,L,105,-16,MIL,OKC
2015,0022400981,2025-03-16,MIN vs. UTA,W,128,26,MIN,UTA
2018,0022400538,2025-03-16,LAC vs. CHA,W,123,35,LAC,CHA
2019,0022400977,2025-03-16,LAL vs. PHX,W,107,11,LAL,PHX
2021,0022400979,2025-03-16,CLE vs. ORL,L,103,-5,CLE,ORL
2023,0022400976,2025-03-16,DAL vs. PHI,L,125,-5,DAL,PHI
2025,0022400984,2025-03-17,NYK vs. MIA,W,116,21,NYK,MIA
2027,0022400985,2025-03-17,HOU vs. PHI,W,144,7,HOU,PHI
2029,0022400987,2025-03-17,NOP vs. DET,L,81,-46,NOP,DET
2031,0022400991,2025-03-17,PHX vs. TOR,W,129,40,PHX,TOR
2032,0022400995,2025-03-17,POR vs. WAS,W,112,15,POR,WAS
2033,0022400989,2025-03-17,UTA vs. CHI,L,97,-14,UTA,CHI
2034,0022400986,2025-03-17,MIN vs. IND,L,130,-2,MIN,IND
2039,0022400990,2025-03-17,GSW vs. DEN,L,105,-9,GSW,DEN
2042,0022400992,2025-03-17,SAC vs. MEM,W,132,10,SAC,MEM
2043,0022400537,2025-03-17,LAL vs. SAS,W,125,16,LAL,SAS
2044,0022400997,2025-03-18,LAC vs. CLE,W,132,13,LAC,CLE
2047,0022401012,2025-03-18,GSW vs. MIL,W,104,11,GSW,MIL
2049,0022400994,2025-03-18,BOS vs. BKN,W,104,8,BOS,BKN
2050,0022400993,2025-03-18,CHA vs. ATL,L,102,-32,CHA,ATL
2052,0022400998,2025-03-19,IND vs. DAL,W,135,4,IND,DAL
2054,0022401001,2025-03-19,MIN vs. NOP,L,115,-4,MIN,NOP
2058,0022400999,2025-03-19,ORL vs. HOU,L,108,-8,ORL,HOU
2060,0022400627,2025-03-19,UTA vs. WAS,W,128,16,UTA,WAS
2062,0022401003,2025-03-19,SAS vs. NYK,W,120,15,SAS,NYK
2063,0022401002,2025-03-19,OKC vs. PHI,W,133,33,OKC,PHI
2066,0022401000,2025-03-19,MIA vs. DET,L,113,-3,MIA,DET
2069,0022401008,2025-03-19,POR vs. MEM,W,115,16,POR,MEM
2070,0022401006,2025-03-19,LAL vs. DEN,W,120,12,LAL,DEN
2072,0022401009,2025-03-19,SAC vs. CLE,W,123,4,SAC,CLE
2073,0022401007,2025-03-19,PHX vs. CHI,W,127,6,PHX,CHI
2074,0022400996,2025-03-20,LAL vs. MIL,L,89,-29,LAL,MIL
2076,0022401005,2025-03-20,GSW vs. TOR,W,117,3,GSW,TOR
2078,0022401011,2025-03-20,IND vs. BKN,W,105,6,IND,BKN
2081,0022401010,2025-03-20,CHA vs. NYK,W,115,17,CHA,NYK
2082,0022401013,2025-03-20,SAC vs. CHI,L,116,-12,SAC,CHI
2084,0022401023,2025-03-21,LAC vs. MEM,W,128,20,LAC,MEM
2087,0022401022,2025-03-21,POR vs. DEN,W,128,19,POR,DEN
2088,0022401021,2025-03-21,PHX vs. CLE,W,123,11,PHX,CLE
2091,0022401018,2025-03-21,SAS vs. PHI,W,128,8,SAS,PHI
2092,0022401014,2025-03-21,WAS vs. ORL,L,105,-15,WAS,ORL
2097,0022401019,2025-03-21,DAL vs. DET,W,123,6,DAL,DET
2099,0022401020,2025-03-21,UTA vs. BOS,L,99,-22,UTA,BOS
2100,0022401015,2025-03-21,MIA vs. HOU,L,98,-4,MIA,HOU
2102,0022401016,2025-03-21,MIN vs. NOP,W,134,41,MIN,NOP
2103,0022401017,2025-03-21,OKC vs. CHA,W,141,35,OKC,CHA
2105,0022401025,2025-03-22,ATL vs. GSW,W,124,9,ATL,GSW
2107,0022401026,2025-03-22,NYK vs. WAS,W,122,19,NYK,WAS
2108,0022401027,2025-03-22,SAC vs. MIL,L,108,-6,SAC,MIL
2109,0022401028,2025-03-22,LAL vs. CHI,L,115,-31,LAL,CHI
2112,0022401024,2025-03-22,IND vs. BKN,W,108,5,IND,BKN
2116,0022401035,2025-03-23,HOU vs. DEN,L,111,-5,HOU,DEN
2118,0022401036,2025-03-23,LAC vs. OKC,L,101,-2,LAC,OKC
2120,0022401029,2025-03-23,DET vs. NOP,W,136,6,DET,NOP
2122,0022401030,2025-03-23,UTA vs. CLE,L,91,-29,UTA,CLE
2125,0022401034,2025-03-23,POR vs. BOS,L,116,-13,POR,BOS
2126,0022401031,2025-03-23,ATL vs. PHI,W,132,13,ATL,PHI
2128,0022401032,2025-03-23,MIA vs. CHA,W,122,17,MIA,CHA
2129,0022401033,2025-03-23,TOR vs. SAS,L,89,-34,TOR,SAS
2130,0022401043,2025-03-24,PHX vs. MIL,W,108,2,PHX,MIL
2132,0022401042,2025-03-24,DEN vs. CHI,L,119,-10,DEN,CHI
2134,0022401040,2025-03-24,BKN vs. DAL,L,101,-19,BKN,DAL
2135,0022401039,2025-03-24,WAS vs. TOR,L,104,-8,WAS,TOR
2138,0022401041,2025-03-24,NOP vs. PHI,W,112,13,NOP,PHI
2140,0022401044,2025-03-24,SAC vs. BOS,L,95,-18,SAC,BOS
2141,0022401038,2025-03-24,ORL vs. LAL,W,118,12,ORL,LAL
2143,0022401037,2025-03-24,IND vs. MIN,W,119,16,IND,MIN
2146,0022401052,2025-03-25,SAC vs. OKC,L,105,-16,SAC,OKC
2150,0022401048,2025-03-25,NYK vs. DAL,W,128,15,NYK,DAL
2151,0022401045,2025-03-25,CHA vs. ORL,L,104,-7,CHA,ORL
2153,0022401047,2025-03-25,MIA vs. GSW,W,112,26,MIA,GSW
2154,0022401046,2025-03-25,DET vs. SAS,W,122,26,DET,SAS
2155,0022401051,2025-03-25,POR vs. CLE,L,111,-11,POR,CLE
2156,0022401049,2025-03-25,HOU vs. ATL,W,121,7,HOU,ATL
2161,0022401050,2025-03-25,UTA vs. MEM,L,103,-37,UTA,MEM
2162,0022401053,2025-03-26,PHI vs. WAS,L,114,-5,PHI,WAS
2164,0022401055,2025-03-26,IND vs. LAL,L,119,-1,IND,LAL
2165,0022401054,2025-03-26,BKN vs. TOR,L,86,-30,BKN,TOR
2167,0022401057,2025-03-26,DEN vs. MIL,W,127,10,DEN,MIL
2170,0022401056,2025-03-26,NYK vs. LAC,L,113,-13,NYK,LAC
2173,0022401058,2025-03-26,PHX vs. BOS,L,102,-30,PHX,BOS
2174,0022401061,2025-03-27,WAS vs. IND,L,109,-53,WAS,IND
2175,0022401066,2025-03-27,SAC vs. POR,W,128,21,SAC,POR
2176,0022401059,2025-03-27,CLE vs. SAS,W,124,8,CLE,SAS
2179,0022401062,2025-03-27,MIA vs. ATL,W,122,10,MIA,ATL
2181,0022401064,2025-03-27,OKC vs. MEM,W,125,21,OKC,MEM
2182,0022401063,2025-03-27,CHI vs. LAL,W,119,2,CHI,LAL
2183,0022401060,2025-03-27,ORL vs. DAL,L,92,-9,ORL,DAL
2187,0022401065,2025-03-27,UTA vs. HOU,L,110,-11,UTA,HOU
2190,0022401067,2025-03-28,DET vs. CLE,W,133,11,DET,CLE
2191,0022401069,2025-03-28,TOR vs. CHA,W,108,11,TOR,CHA
2194,0022401068,2025-03-28,BKN vs. LAC,L,100,-32,BKN,LAC
2196,0022401070,2025-03-28,MIL vs. NYK,L,107,-9,MIL,NYK
2200,0022401072,2025-03-28,NOP vs. GSW,L,95,-16,NOP,GSW
2201,0022401073,2025-03-28,DEN vs. UTA,W,129,36,DEN,UTA
2203,0022401071,2025-03-28,MIN vs. PHX,W,124,15,MIN,PHX
2207,0022401078,2025-03-29,MEM vs. LAL,L,127,-7,MEM,LAL
2208,0022401077,2025-03-29,CHI vs. DAL,L,119,-1,CHI,DAL
2210,0022401080,2025-03-29,SAS vs. BOS,L,111,-10,SAS,BOS
2212,0022401079,2025-03-29,OKC vs. IND,W,132,21,OKC,IND
2214,0022401076,2025-03-29,PHI vs. MIA,L,95,-23,PHI,MIA
2215,0022401075,2025-03-29,WAS vs. BKN,L,112,-3,WAS,BKN
2216,0022401074,2025-03-29,ORL vs. SAC,W,121,30,ORL,SAC
2220,0022401087,2025-03-30,PHI vs. TOR,L,109,-18,PHI,TOR
2221,0022401083,2025-03-30,MIL vs. ATL,L,124,-21,MIL,ATL
2224,0022401085,2025-03-30,NOP vs. CHA,W,98,4,NOP,CHA
2226,0022401081,2025-03-30,CLE vs. LAC,W,127,5,CLE,LAC
2228,0022401088,2025-03-30,PHX vs. HOU,L,109,-39,PHX,HOU
2229,0022401086,2025-03-30,SAS vs. GSW,L,106,-42,SAS,GSW
2231,0022401082,2025-03-30,NYK vs. POR,W,110,17,NYK,POR
2233,0022401084,2025-03-30,MIN vs. DET,W,123,19,MIN,DET
2235,0022401094,2025-03-31,OKC vs. CHI,W,145,28,OKC,CHI
2238,0022401091,2025-03-31,ORL vs. LAC,L,87,-9,ORL,LAC
2241,0022401096,2025-03-31,LAL vs. HOU,W,104,6,LAL,HOU
2242,0022401092,2025-03-31,WAS vs. MIA,L,94,-26,WAS,MIA
2243,0022401095,2025-03-31,DAL vs. BKN,L,109,-4,DAL,BKN
2245,0022401093,2025-03-31,MEM vs. BOS,L,103,-14,MEM,BOS
2248,0022401090,2025-03-31,IND vs. SAC,W,111,2,IND,SAC
2249,0022401089,2025-03-31,CHA vs. UTA,W,110,4,CHA,UTA
2251,0022401098,2025-04-01,NYK vs. PHI,W,105,14,NYK,PHI
2253,0022401097,2025-04-01,ATL vs. POR,L,113,-14,ATL,POR
2254,0022401101,2025-04-01,MIL vs. PHX,W,133,10,MIL,PHX
2257,0022401099,2025-04-01,CHI vs. TOR,W,137,19,CHI,TOR
2259,0022401102,2025-04-01,DEN vs. MIN,L,139,-1,DEN,MIN
2261,0022401100,2025-04-01,MEM vs. GSW,L,125,-9,MEM,GSW
2263,0022400988,2025-04-01,SAS vs. ORL,L,105,-11,SAS,ORL
2265,0022401104,2025-04-02,IND vs. CHA,W,119,14,IND,CHA
2266,0022401105,2025-04-02,WAS vs. SAC,W,116,5,WAS,SAC
2267,0022401103,2025-04-02,CLE vs. NYK,W,124,19,CLE,NYK
2270,0022401106,2025-04-02,BOS vs. MIA,L,103,-21,BOS,MIA
2272,0022401107,2025-04-02,HOU vs. UTA,W,143,38,HOU,UTA
2274,0022401109,2025-04-02,DAL vs. ATL,W,120,2,DAL,ATL
2277,0022401110,2025-04-02,DEN vs. SAS,L,106,-7,DEN,SAS
2278,0022401108,2025-04-02,OKC vs. DET,W,119,16,OKC,DET
2280,0022401111,2025-04-02,LAC vs. NOP,W,114,16,LAC,NOP
2282,0022401117,2025-04-03,LAL vs. GSW,L,116,-7,LAL,GSW
2283,0022401115,2025-04-03,PHI vs. MIL,L,113,-13,PHI,MIL
2289,0022401113,2025-04-03,BKN vs. MIN,L,90,-15,BKN,MIN
2290,0022401116,2025-04-03,TOR vs. POR,L,103,-9,TOR,POR
2291,0022401112,2025-04-03,WAS vs. ORL,L,97,-12,WAS,ORL
2292,0022401114,2025-04-03,MIA vs. MEM,L,108,-2,MIA,MEM
2294,0022401125,2025-04-04,GSW vs. DEN,W,118,14,GSW,DEN
2296,0022401126,2025-04-04,LAL vs. NOP,W,124,16,LAL,NOP
2297,0022401127,2025-04-04,LAC vs. DAL,W,114,23,LAC,DAL
2302,0022401119,2025-04-04,IND vs. UTA,W,140,28,IND,UTA
2305,0022401121,2025-04-04,TOR vs. DET,L,105,-12,TOR,DET
2307,0022401123,2025-04-04,HOU vs. OKC,W,125,14,HOU,OKC
2308,0022401124,2025-04-04,SAS vs. CLE,L,113,-1,SAS,CLE
2310,0022401120,2025-04-04,BOS vs. PHX,W,123,20,BOS,PHX
2311,0022401118,2025-04-04,CHA vs. SAC,L,102,-23,CHA,SAC
2313,0022401122,2025-04-04,CHI vs. POR,W,118,5,CHI,POR
2314,0022401132,2025-04-05,LAC vs. DAL,W,135,31,LAC,DAL
2318,0022401131,2025-04-05,MIA vs. MIL,L,115,-6,MIA,MIL
2320,0022401128,2025-04-05,ATL vs. NYK,L,105,-16,ATL,NYK
2321,0022401130,2025-04-05,PHI vs. MIN,L,109,-5,PHI,MIN
2323,0022401129,2025-04-05,DET vs. MEM,L,103,-6,DET,MEM
2325,0022401133,2025-04-06,CHA vs. CHI,L,117,-14,CHA,CHI
2327,0022401134,2025-04-06,BKN vs. TOR,L,109,-11,BKN,TOR
2329,0022401140,2025-04-06,NYK vs. PHX,W,112,14,NYK,PHX
2331,0022401137,2025-04-06,BOS vs. WAS,W,124,34,BOS,WAS
2332,0022401142,2025-04-06,DEN vs. IND,L,120,-5,DEN,IND
2335,0022400617,2025-04-06,NOP vs. MIL,L,107,-4,NOP,MIL
2336,0022401143,2025-04-06,GSW vs. HOU,L,96,-10,GSW,HOU
2339,0022401138,2025-04-06,CLE vs. SAC,L,113,-7,CLE,SAC
2342,0022401135,2025-04-06,OKC vs. LAL,L,99,-27,OKC,LAL
2343,0022401136,2025-04-06,ATL vs. UTA,W,147,13,ATL,UTA
2345,0022401139,2025-04-06,POR vs. SAS,W,120,11,POR,SAS
2346,0022401144,2025-04-07,DET vs. SAC,L,117,-10,DET,SAC
2347,0022401145,2025-04-07,MIA vs. PHI,W,117,12,MIA,PHI
2351,0022401154,2025-04-08,PHX vs. GSW,L,95,-38,PHX,GSW
2356,0022401149,2025-04-08,ORL vs. ATL,W,119,7,ORL,ATL
2358,0022401146,2025-04-08,CHA vs. MEM,L,100,-24,CHA,MEM
2359,0022401150,2025-04-08,BKN vs. NOP,W,119,5,BKN,NOP
2362,0022401151,2025-04-08,NYK vs. BOS,L,117,-2,NYK,BOS
2363,0022401152,2025-04-08,MIL vs. MIN,W,110,7,MIL,MIN
2365,0022401153,2025-04-08,OKC vs. LAL,W,136,16,OKC,LAL
2366,0022401148,2025-04-08,IND vs. WAS,W,104,6,IND,WAS
2367,0022401147,2025-04-08,CLE vs. CHI,W,135,22,CLE,CHI
2369,0022401155,2025-04-08,LAC vs. SAS,W,122,5,LAC,SAS
2370,0022401163,2025-04-09,GSW vs. SAS,L,111,-3,GSW,SAS
2372,0022401165,2025-04-09,SAC vs. DEN,L,116,-8,SAC,DEN
2374,0022401164,2025-04-09,PHX vs. OKC,L,112,-13,PHX,OKC
2376,0022401166,2025-04-09,LAC vs. HOU,W,134,17,LAC,HOU
2378,0022401162,2025-04-09,UTA vs. POR,W,133,7,UTA,POR
2379,0022401158,2025-04-09,TOR vs. CHA,W,126,30,TOR,CHA
2381,0022401156,2025-04-09,ORL vs. BOS,W,96,20,ORL,BOS
2382,0022401157,2025-04-09,WAS vs. PHI,L,103,-19,WAS,PHI
2384,0022401159,2025-04-09,DAL vs. LAL,L,97,-15,DAL,LAL
2386,0022401160,2025-04-09,CHI vs. MIA,W,119,8,CHI,MIA
2390,0022401168,2025-04-10,IND vs. CLE,W,114,2,IND,CLE
2391,0022401170,2025-04-10,MEM vs. MIN,L,125,-16,MEM,MIN
2395,0022401167,2025-04-10,DET vs. NYK,W,115,9,DET,NYK
2398,0022401169,2025-04-10,BKN vs. ATL,L,109,-24,BKN,ATL
2399,0022401161,2025-04-10,MIL vs. NOP,W,136,25,MIL,NOP
2401,0022401177,2025-04-11,NOP vs. MIA,L,104,-49,NOP,MIA
2403,0022401174,2025-04-11,BOS vs. CHA,W,130,36,BOS,CHA
2406,0022401185,2025-04-11,LAL vs. HOU,W,140,31,LAL,HOU
2410,0022401184,2025-04-11,SAC vs. LAC,L,100,-1,SAC,LAC
2411,0022401183,2025-04-11,POR vs. GSW,L,86,-17,POR,GSW
2413,0022401182,2025-04-11,PHX vs. SAS,W,117,19,PHX,SAS
2414,0022401181,2025-04-11,UTA vs. OKC,L,111,-34,UTA,OKC
2416,0022401171,2025-04-11,DET vs. MIL,L,119,-6,DET,MIL
2417,0022401176,2025-04-11,CHI vs. WAS,W,119,30,CHI,WAS
2419,0022401173,2025-04-11,PHI vs. ATL,L,110,-14,PHI,ATL
2420,0022401178,2025-04-11,DAL vs. TOR,W,124,22,DAL,TOR
2422,0022401172,2025-04-11,IND vs. ORL,L,115,-14,IND,ORL
2424,0022401175,2025-04-11,NYK vs. CLE,L,102,-6,NYK,CLE
2426,0022401179,2025-04-11,MIN vs. BKN,W,117,26,MIN,BKN
2428,0022401180,2025-04-11,DEN vs. MEM,W,117,8,DEN,MEM
2430,0022401196,2025-04-13,NOP vs. OKC,L,100,-15,NOP,OKC
2431,0022401198,2025-04-13,GSW vs. LAC,L,119,-5,GSW,LAC
2432,0022401200,2025-04-13,SAC vs. PHX,W,109,11,SAC,PHX
2433,0022401193,2025-04-13,HOU vs. DEN,L,111,-15,HOU,DEN
2437,0022401195,2025-04-13,MIN vs. UTA,W,116,11,MIN,UTA
2439,0022401192,2025-04-13,MIL vs. DET,W,140,7,MIL,DET
2440,0022401189,2025-04-13,CLE vs. IND,L,118,-8,CLE,IND
2442,0022401188,2025-04-13,BKN vs. NYK,L,105,-8,BKN,NYK
2443,0022401187,2025-04-13,BOS vs. CHA,W,93,7,BOS,CHA
2444,0022401190,2025-04-13,MIA vs. WAS,L,118,-1,MIA,WAS
2446,0022401186,2025-04-13,ATL vs. ORL,W,117,12,ATL,ORL
2447,0022401191,2025-04-13,PHI vs. CHI,L,102,-20,PHI,CHI
2452,0022401197,2025-04-13,SAS vs. TOR,W,125,7,SAS,TOR
2453,0022401199,2025-04-13,POR vs. LAL,W,109,28,POR,LAL
2456,0022401194,2025-04-13,MEM vs. DAL,W,132,35,MEM,DAL